stratum	canonical	uuid	name	sec_citation_uuid	sec_title
A_many_sec	Acer platanoides	37e1934b-9fcf-47f3-a625-036eb215f591	Acer platanoides L.	790d6644-39f3-4173-ae6c-ec6cbf951a10	EHRENDORFER: Liste der Gefäßpflanzen Mitteleuropas, 2. Aufl
A_many_sec	Acer platanoides	44509202-aa02-431c-8453-48d345ded1e5	Acer platanoides L.	6eeeeacc-1da9-4839-98d6-3169c4237ecd	TUTIN et al.: Flora Europaea
A_many_sec	Acer platanoides	64c00d6b-2af8-4c7a-89b2-1eca6b48afe5	Acer platanoides L.	87ed3300-5846-4ff1-809c-eb289aec54d8	Schubert & Vent 1990
A_many_sec	Acer platanoides	a2aa3475-9d20-49cc-9f93-03fb33c62256	Acer platanoides L.	060afae5-76ef-44a7-921f-1202685ef351	Wisskirchen & Haeupler 1998
A_many_sec	Acer platanoides	a2d6df6a-7293-431f-94c2-fc9908817ef2	Acer platanoides L.	0f11a41f-8827-49dc-82df-4b02ad96d33e	HEGI: Illustrierte Flora von Mitteleuropa, Aufl. 2 u. 3
A_many_sec	Acer platanoides	b9c5efa9-b475-49e1-a8ab-2022cc58b716	Acer platanoides L.	ca735e89-ca5c-4381-8e4a-693e6467fde0	OBERDORFER: Pflanzensoziologische Exkursionsflora, ed. 7
A_many_sec	Acer platanoides	d6094e49-0422-4026-a7ab-53b166599183	Acer platanoides L.	8b86a7f4-3586-4402-9d7a-54e9161ed4fd	SCHMEIL-FITSCHEN: Flora von Deutschland und angrenzenden Ländern, 89. Aufl
A_many_sec	Acer platanoides	eee07807-96a1-440d-b183-3015637d6825	Acer platanoides L.	88892c5c-755c-4f98-970a-7974bb456afc	Greuter & al.: Med-Checklist bisher Bde. 1, 3 und 4
A_many_sec	Acrostichum ilvense	093bda73-9725-4c26-ab1f-1fc6e69b54b5	Acrostichum ilvense L. syn.	0f11a41f-8827-49dc-82df-4b02ad96d33e	HEGI: Illustrierte Flora von Mitteleuropa, Aufl. 2 u. 3
A_many_sec	Acrostichum ilvense	0fa611b3-21cb-4c9d-856d-98c03eb8aa0a	Acrostichum ilvense L. syn.	8b86a7f4-3586-4402-9d7a-54e9161ed4fd	SCHMEIL-FITSCHEN: Flora von Deutschland und angrenzenden Ländern, 89. Aufl
A_many_sec	Acrostichum ilvense	49904ef5-d276-4bd1-93e2-44c73c6d4cfc	Acrostichum ilvense L. syn.	88892c5c-755c-4f98-970a-7974bb456afc	Greuter & al.: Med-Checklist bisher Bde. 1, 3 und 4
A_many_sec	Acrostichum ilvense	9ab33e2c-5c18-4e7d-aff0-f1edad2c5afe	Acrostichum ilvense L. syn.	6eeeeacc-1da9-4839-98d6-3169c4237ecd	TUTIN et al.: Flora Europaea
A_many_sec	Acrostichum ilvense	af89f80a-8737-4d08-a4f1-7040d91c1e60	Acrostichum ilvense L. syn.	790d6644-39f3-4173-ae6c-ec6cbf951a10	EHRENDORFER: Liste der Gefäßpflanzen Mitteleuropas, 2. Aufl
A_many_sec	Acrostichum ilvense	bd3eb6d4-3118-4eb5-a5d8-b59d3e1802dd	Acrostichum ilvense L. syn.	87ed3300-5846-4ff1-809c-eb289aec54d8	Schubert & Vent 1990
A_many_sec	Acrostichum ilvense	f027e68f-8faf-489c-95e1-8db79d929c3f	Acrostichum ilvense L. syn.	ca735e89-ca5c-4381-8e4a-693e6467fde0	OBERDORFER: Pflanzensoziologische Exkursionsflora, ed. 7
A_many_sec	Acrostichum ilvense	f8517994-584b-4d6f-b859-123c1ef550e7	Acrostichum ilvense L. syn.	060afae5-76ef-44a7-921f-1202685ef351	Wisskirchen & Haeupler 1998
A_many_sec	Arbutus uva-ursi	238df8d4-18c7-420e-a61e-98793042fb79	Arbutus uva-ursi L. syn.	88892c5c-755c-4f98-970a-7974bb456afc	Greuter & al.: Med-Checklist bisher Bde. 1, 3 und 4
A_many_sec	Arbutus uva-ursi	2b411693-2303-4064-a913-608949350076	Arbutus uva-ursi L. syn.	060afae5-76ef-44a7-921f-1202685ef351	Wisskirchen & Haeupler 1998
A_many_sec	Arbutus uva-ursi	4d7ebce5-b3a9-4207-8b3e-0b2249a685f3	Arbutus uva-ursi L. syn.	8b86a7f4-3586-4402-9d7a-54e9161ed4fd	SCHMEIL-FITSCHEN: Flora von Deutschland und angrenzenden Ländern, 89. Aufl
A_many_sec	Arbutus uva-ursi	548d9692-02fd-4019-8d26-886599f3ecc5	Arbutus uva-ursi L. syn.	87ed3300-5846-4ff1-809c-eb289aec54d8	Schubert & Vent 1990
A_many_sec	Arbutus uva-ursi	66008a8a-4788-45f0-84ff-ca6e29899dc8	Arbutus uva-ursi L. syn.	ca735e89-ca5c-4381-8e4a-693e6467fde0	OBERDORFER: Pflanzensoziologische Exkursionsflora, ed. 7
A_many_sec	Arbutus uva-ursi	9caae3ee-6fb5-4045-b3bc-bc8fd859891c	Arbutus uva-ursi L. syn.	6eeeeacc-1da9-4839-98d6-3169c4237ecd	TUTIN et al.: Flora Europaea
A_many_sec	Arbutus uva-ursi	c0bc528f-8b94-47d5-b411-6f8cead0834c	Arbutus uva-ursi L. syn.	0f11a41f-8827-49dc-82df-4b02ad96d33e	HEGI: Illustrierte Flora von Mitteleuropa, Aufl. 2 u. 3
A_many_sec	Arbutus uva-ursi	d5b45385-b98e-41ff-90d6-8d053c34c4bb	Arbutus uva-ursi L. syn.	790d6644-39f3-4173-ae6c-ec6cbf951a10	EHRENDORFER: Liste der Gefäßpflanzen Mitteleuropas, 2. Aufl
A_many_sec	Azolla filiculoides	3d4c1dea-ee1b-4b35-acb0-c265f21b9650	Azolla filiculoides Lam.	0f11a41f-8827-49dc-82df-4b02ad96d33e	HEGI: Illustrierte Flora von Mitteleuropa, Aufl. 2 u. 3
A_many_sec	Azolla filiculoides	40930e26-2567-4494-9b83-fe76db6b1769	Azolla filiculoides Lam.	060afae5-76ef-44a7-921f-1202685ef351	Wisskirchen & Haeupler 1998
A_many_sec	Azolla filiculoides	55903b3d-2ea5-4292-b3c4-d22604a46a23	Azolla filiculoides Lam.	8b86a7f4-3586-4402-9d7a-54e9161ed4fd	SCHMEIL-FITSCHEN: Flora von Deutschland und angrenzenden Ländern, 89. Aufl
A_many_sec	Azolla filiculoides	56583de4-419f-4f53-a0f3-09865fc0a1f8	Azolla filiculoides Lam.	88892c5c-755c-4f98-970a-7974bb456afc	Greuter & al.: Med-Checklist bisher Bde. 1, 3 und 4
A_many_sec	Azolla filiculoides	bcb7ae85-1e3a-4f0d-a490-d98d2d12dc1f	Azolla filiculoides Lam.	790d6644-39f3-4173-ae6c-ec6cbf951a10	EHRENDORFER: Liste der Gefäßpflanzen Mitteleuropas, 2. Aufl
A_many_sec	Azolla filiculoides	bd6d8aa5-d761-4a35-8a42-e3148d5f8d35	Azolla filiculoides Lam.	ca735e89-ca5c-4381-8e4a-693e6467fde0	OBERDORFER: Pflanzensoziologische Exkursionsflora, ed. 7
A_many_sec	Azolla filiculoides	e325d31c-8814-4fca-8073-ed39a50f41e4	Azolla filiculoides Lam.	6eeeeacc-1da9-4839-98d6-3169c4237ecd	TUTIN et al.: Flora Europaea
A_many_sec	Azolla filiculoides	f80c3cd0-a38a-4d92-9cde-aa1234c9a60b	Azolla filiculoides Lam.	87ed3300-5846-4ff1-809c-eb289aec54d8	Schubert & Vent 1990
A_many_sec	Bryonia alba	3b2dd5ff-abef-4d55-a660-79d51ba9118f	Bryonia alba L.	0f11a41f-8827-49dc-82df-4b02ad96d33e	HEGI: Illustrierte Flora von Mitteleuropa, Aufl. 2 u. 3
A_many_sec	Bryonia alba	4a9a9346-7c24-4953-878b-57cd26c437f8	Bryonia alba L.	87ed3300-5846-4ff1-809c-eb289aec54d8	Schubert & Vent 1990
A_many_sec	Bryonia alba	63796eaa-bdbd-416d-aa57-a97ed5894876	Bryonia alba L.	88892c5c-755c-4f98-970a-7974bb456afc	Greuter & al.: Med-Checklist bisher Bde. 1, 3 und 4
A_many_sec	Bryonia alba	90aa18c5-72c4-4ba1-b453-4c4ce126a63a	Bryonia alba L.	060afae5-76ef-44a7-921f-1202685ef351	Wisskirchen & Haeupler 1998
A_many_sec	Bryonia alba	97fad5bb-30dd-4571-9889-e092a07c296f	Bryonia alba L.	ca735e89-ca5c-4381-8e4a-693e6467fde0	OBERDORFER: Pflanzensoziologische Exkursionsflora, ed. 7
A_many_sec	Bryonia alba	a63b177e-ecf4-4e88-82d9-c3e5d0a87206	Bryonia alba L.	8b86a7f4-3586-4402-9d7a-54e9161ed4fd	SCHMEIL-FITSCHEN: Flora von Deutschland und angrenzenden Ländern, 89. Aufl
A_many_sec	Bryonia alba	bb5fe781-06e5-400b-861e-de2119c869f0	Bryonia alba L.	6eeeeacc-1da9-4839-98d6-3169c4237ecd	TUTIN et al.: Flora Europaea
A_many_sec	Bryonia alba	c5651dcb-66cf-4bf6-89fb-4280945ffd68	Bryonia alba L.	790d6644-39f3-4173-ae6c-ec6cbf951a10	EHRENDORFER: Liste der Gefäßpflanzen Mitteleuropas, 2. Aufl
A_many_sec	Cerastium latifolium	07199dc7-cee2-4a0a-88f5-6f2ef2bab83d	Cerastium latifolium L.	ca735e89-ca5c-4381-8e4a-693e6467fde0	OBERDORFER: Pflanzensoziologische Exkursionsflora, ed. 7
A_many_sec	Cerastium latifolium	19cf3be2-4d2f-4f9d-9f5b-f7111dce4b22	Cerastium latifolium L.	88892c5c-755c-4f98-970a-7974bb456afc	Greuter & al.: Med-Checklist bisher Bde. 1, 3 und 4
A_many_sec	Cerastium latifolium	21c4f55f-fc40-486c-89f1-23fea448a636	Cerastium latifolium L.	87ed3300-5846-4ff1-809c-eb289aec54d8	Schubert & Vent 1990
A_many_sec	Cerastium latifolium	6924e33e-82a1-4a69-8028-d170ca8ba98b	Cerastium latifolium L.	790d6644-39f3-4173-ae6c-ec6cbf951a10	EHRENDORFER: Liste der Gefäßpflanzen Mitteleuropas, 2. Aufl
A_many_sec	Cerastium latifolium	a77cfbbc-e630-4e6a-a006-5985e2c5d4a6	Cerastium latifolium L.	8b86a7f4-3586-4402-9d7a-54e9161ed4fd	SCHMEIL-FITSCHEN: Flora von Deutschland und angrenzenden Ländern, 89. Aufl
A_many_sec	Cerastium latifolium	be14d2e6-707a-4b07-a459-45a3e0b3bb3c	Cerastium latifolium L.	0f11a41f-8827-49dc-82df-4b02ad96d33e	HEGI: Illustrierte Flora von Mitteleuropa, Aufl. 2 u. 3
A_many_sec	Cerastium latifolium	e20b1001-1438-4c57-9bc7-4be0e1a233e8	Cerastium latifolium L.	6eeeeacc-1da9-4839-98d6-3169c4237ecd	TUTIN et al.: Flora Europaea
A_many_sec	Cerastium latifolium	f4077c52-45f0-491e-ab14-098f3f5c40a4	Cerastium latifolium L.	060afae5-76ef-44a7-921f-1202685ef351	Wisskirchen & Haeupler 1998
A_many_sec	Gymnocarpium robertianum	0f442c65-3992-4f15-881d-0c8dcbdaae40	Gymnocarpium robertianum (Hoffm.) Newman	0f11a41f-8827-49dc-82df-4b02ad96d33e	HEGI: Illustrierte Flora von Mitteleuropa, Aufl. 2 u. 3
A_many_sec	Gymnocarpium robertianum	2707e523-b256-47a5-82a3-42aa5550113c	Gymnocarpium robertianum (Hoffm.) Newman	060afae5-76ef-44a7-921f-1202685ef351	Wisskirchen & Haeupler 1998
A_many_sec	Gymnocarpium robertianum	4b739456-98dd-498c-bca9-65dca1962d3b	Gymnocarpium robertianum (Hoffm.) Newman	88892c5c-755c-4f98-970a-7974bb456afc	Greuter & al.: Med-Checklist bisher Bde. 1, 3 und 4
A_many_sec	Gymnocarpium robertianum	b5540d39-7a32-40fd-bef8-95619f8bc54d	Gymnocarpium robertianum (Hoffm.) Newman	790d6644-39f3-4173-ae6c-ec6cbf951a10	EHRENDORFER: Liste der Gefäßpflanzen Mitteleuropas, 2. Aufl
A_many_sec	Gymnocarpium robertianum	babfd214-c235-4755-be02-209014295524	Gymnocarpium robertianum (Hoffm.) Newman	87ed3300-5846-4ff1-809c-eb289aec54d8	Schubert & Vent 1990
A_many_sec	Gymnocarpium robertianum	cab90c10-f78f-4d0a-8526-8e52f3441c2a	Gymnocarpium robertianum (Hoffm.) Newman	6eeeeacc-1da9-4839-98d6-3169c4237ecd	TUTIN et al.: Flora Europaea
A_many_sec	Gymnocarpium robertianum	ec3d23d3-1ea6-444c-a858-4f0f8724baae	Gymnocarpium robertianum (Hoffm.) Newman	ca735e89-ca5c-4381-8e4a-693e6467fde0	OBERDORFER: Pflanzensoziologische Exkursionsflora, ed. 7
A_many_sec	Gymnocarpium robertianum	ff996726-d7fb-4488-a769-865764d407f8	Gymnocarpium robertianum (Hoffm.) Newman	8b86a7f4-3586-4402-9d7a-54e9161ed4fd	SCHMEIL-FITSCHEN: Flora von Deutschland und angrenzenden Ländern, 89. Aufl
A_many_sec	Helianthemum procumbens	1a1840ca-df11-4857-9c37-c8fc6d65f0d2	Helianthemum procumbens Dunal syn.	8b86a7f4-3586-4402-9d7a-54e9161ed4fd	SCHMEIL-FITSCHEN: Flora von Deutschland und angrenzenden Ländern, 89. Aufl
A_many_sec	Helianthemum procumbens	263d1746-682e-4c04-887b-4d39382107b0	Helianthemum procumbens Dunal syn.	6eeeeacc-1da9-4839-98d6-3169c4237ecd	TUTIN et al.: Flora Europaea
A_many_sec	Helianthemum procumbens	5fb585f2-100e-4c52-945e-a6f946ab436c	Helianthemum procumbens Dunal syn.	ca735e89-ca5c-4381-8e4a-693e6467fde0	OBERDORFER: Pflanzensoziologische Exkursionsflora, ed. 7
A_many_sec	Helianthemum procumbens	6a3774a6-113e-41d0-9721-e20218f34e92	Helianthemum procumbens Dunal syn.	060afae5-76ef-44a7-921f-1202685ef351	Wisskirchen & Haeupler 1998
A_many_sec	Helianthemum procumbens	7fac7f8a-321e-4421-a4bd-9d65f0443976	Helianthemum procumbens Dunal syn.	87ed3300-5846-4ff1-809c-eb289aec54d8	Schubert & Vent 1990
A_many_sec	Helianthemum procumbens	994329e2-6433-4885-b40e-4f9982e7866f	Helianthemum procumbens Dunal syn.	88892c5c-755c-4f98-970a-7974bb456afc	Greuter & al.: Med-Checklist bisher Bde. 1, 3 und 4
A_many_sec	Helianthemum procumbens	b2dcf239-e4a7-4e91-8bb0-b7c5464ab01a	Helianthemum procumbens Dunal syn.	790d6644-39f3-4173-ae6c-ec6cbf951a10	EHRENDORFER: Liste der Gefäßpflanzen Mitteleuropas, 2. Aufl
A_many_sec	Helianthemum procumbens	b39f45a9-64b0-4e14-93dc-e056a08d6d96	Helianthemum procumbens Dunal syn.	0f11a41f-8827-49dc-82df-4b02ad96d33e	HEGI: Illustrierte Flora von Mitteleuropa, Aufl. 2 u. 3
A_many_sec	Helleborus viridis subsp. occidentalis	2f4d7e34-161f-4c42-8598-270e1c5d0586	Helleborus viridis subsp. occidentalis (Reut.) Schiffn.	88892c5c-755c-4f98-970a-7974bb456afc	Greuter & al.: Med-Checklist bisher Bde. 1, 3 und 4
A_many_sec	Helleborus viridis subsp. occidentalis	31f5475d-58db-4811-ab40-d76a0856f7e9	Helleborus viridis subsp. occidentalis (Reut.) Schiffn.	060afae5-76ef-44a7-921f-1202685ef351	Wisskirchen & Haeupler 1998
A_many_sec	Helleborus viridis subsp. occidentalis	38d382b4-4321-45a8-a7d1-9cfb408cd051	Helleborus viridis subsp. occidentalis (Reut.) Schiffn.	790d6644-39f3-4173-ae6c-ec6cbf951a10	EHRENDORFER: Liste der Gefäßpflanzen Mitteleuropas, 2. Aufl
A_many_sec	Helleborus viridis subsp. occidentalis	5334d6b1-8378-4c29-92bc-a2b81b422441	Helleborus viridis subsp. occidentalis (Reut.) Schiffn.	0f11a41f-8827-49dc-82df-4b02ad96d33e	HEGI: Illustrierte Flora von Mitteleuropa, Aufl. 2 u. 3
A_many_sec	Helleborus viridis subsp. occidentalis	73a0fa9b-2bdf-4759-90b2-c281a38a3530	Helleborus viridis subsp. occidentalis (Reut.) Schiffn.	8b86a7f4-3586-4402-9d7a-54e9161ed4fd	SCHMEIL-FITSCHEN: Flora von Deutschland und angrenzenden Ländern, 89. Aufl
A_many_sec	Helleborus viridis subsp. occidentalis	b0eeda85-9629-4db8-8daa-efeeb6f61e6e	Helleborus viridis subsp. occidentalis (Reut.) Schiffn.	6eeeeacc-1da9-4839-98d6-3169c4237ecd	TUTIN et al.: Flora Europaea
A_many_sec	Helleborus viridis subsp. occidentalis	b823b937-2e68-4673-aeef-80c2d44b883a	Helleborus viridis subsp. occidentalis (Reut.) Schiffn.	87ed3300-5846-4ff1-809c-eb289aec54d8	Schubert & Vent 1990
A_many_sec	Helleborus viridis subsp. occidentalis	bfc2a298-931d-4977-a302-ef6dfd068bef	Helleborus viridis subsp. occidentalis (Reut.) Schiffn.	ca735e89-ca5c-4381-8e4a-693e6467fde0	OBERDORFER: Pflanzensoziologische Exkursionsflora, ed. 7
A_many_sec	Lathyrus hirsutus	12ce30b9-9d96-42c5-970b-400a24337811	Lathyrus hirsutus L.	ca735e89-ca5c-4381-8e4a-693e6467fde0	OBERDORFER: Pflanzensoziologische Exkursionsflora, ed. 7
A_many_sec	Lathyrus hirsutus	2cfa7793-d690-4e72-afcd-3f3046541426	Lathyrus hirsutus L.	6eeeeacc-1da9-4839-98d6-3169c4237ecd	TUTIN et al.: Flora Europaea
A_many_sec	Lathyrus hirsutus	38fd1af9-69f4-4b4c-9df9-1cee3dde54c9	Lathyrus hirsutus L.	8b86a7f4-3586-4402-9d7a-54e9161ed4fd	SCHMEIL-FITSCHEN: Flora von Deutschland und angrenzenden Ländern, 89. Aufl
A_many_sec	Lathyrus hirsutus	3ed3b878-a5da-4f77-8673-581891c49b42	Lathyrus hirsutus L.	88892c5c-755c-4f98-970a-7974bb456afc	Greuter & al.: Med-Checklist bisher Bde. 1, 3 und 4
A_many_sec	Lathyrus hirsutus	7445a3b7-0d50-46ec-8034-0907d15edd83	Lathyrus hirsutus L.	87ed3300-5846-4ff1-809c-eb289aec54d8	Schubert & Vent 1990
A_many_sec	Lathyrus hirsutus	7a1498ea-5192-4de4-b3cf-009ca11220a7	Lathyrus hirsutus L.	060afae5-76ef-44a7-921f-1202685ef351	Wisskirchen & Haeupler 1998
A_many_sec	Lathyrus hirsutus	ad189290-6973-454f-b017-4d9f9a4be51a	Lathyrus hirsutus L.	0f11a41f-8827-49dc-82df-4b02ad96d33e	HEGI: Illustrierte Flora von Mitteleuropa, Aufl. 2 u. 3
A_many_sec	Lathyrus hirsutus	ec0e9b74-29f0-4357-9b2d-453feada060f	Lathyrus hirsutus L.	790d6644-39f3-4173-ae6c-ec6cbf951a10	EHRENDORFER: Liste der Gefäßpflanzen Mitteleuropas, 2. Aufl
A_many_sec	Lathyrus pratensis	2d6730a1-b461-4b02-8f8d-56cd8939fad5	Lathyrus pratensis L.	87ed3300-5846-4ff1-809c-eb289aec54d8	Schubert & Vent 1990
A_many_sec	Lathyrus pratensis	3f46f3bc-7769-4b7a-9765-b32cfd4420ab	Lathyrus pratensis L.	0f11a41f-8827-49dc-82df-4b02ad96d33e	HEGI: Illustrierte Flora von Mitteleuropa, Aufl. 2 u. 3
A_many_sec	Lathyrus pratensis	4226d118-ff3e-4e8e-ba67-7655d9b191d9	Lathyrus pratensis L.	790d6644-39f3-4173-ae6c-ec6cbf951a10	EHRENDORFER: Liste der Gefäßpflanzen Mitteleuropas, 2. Aufl
A_many_sec	Lathyrus pratensis	60483768-274c-435b-b347-569165053092	Lathyrus pratensis L.	ca735e89-ca5c-4381-8e4a-693e6467fde0	OBERDORFER: Pflanzensoziologische Exkursionsflora, ed. 7
A_many_sec	Lathyrus pratensis	6ea43ab0-8ebe-41c4-9550-92297b984884	Lathyrus pratensis L.	88892c5c-755c-4f98-970a-7974bb456afc	Greuter & al.: Med-Checklist bisher Bde. 1, 3 und 4
A_many_sec	Lathyrus pratensis	8bd7a536-4d13-4298-930f-70fced7db77f	Lathyrus pratensis L.	060afae5-76ef-44a7-921f-1202685ef351	Wisskirchen & Haeupler 1998
A_many_sec	Lathyrus pratensis	acc5584d-7ae8-49b5-b5d5-891d563653f8	Lathyrus pratensis L.	8b86a7f4-3586-4402-9d7a-54e9161ed4fd	SCHMEIL-FITSCHEN: Flora von Deutschland und angrenzenden Ländern, 89. Aufl
A_many_sec	Lathyrus pratensis	ff25add6-3682-42bf-b7a9-9d033c0b9bdc	Lathyrus pratensis L.	6eeeeacc-1da9-4839-98d6-3169c4237ecd	TUTIN et al.: Flora Europaea
A_many_sec	Mercurialis perennis	0677c16c-5249-4468-a3e5-5769f911f69b	Mercurialis perennis L.	060afae5-76ef-44a7-921f-1202685ef351	Wisskirchen & Haeupler 1998
A_many_sec	Mercurialis perennis	183b7c6c-b44d-4aec-bd52-79b53ebc0c71	Mercurialis perennis L.	ca735e89-ca5c-4381-8e4a-693e6467fde0	OBERDORFER: Pflanzensoziologische Exkursionsflora, ed. 7
A_many_sec	Mercurialis perennis	1fb8d3e1-650b-45c4-9110-7e4ae2809696	Mercurialis perennis L.	790d6644-39f3-4173-ae6c-ec6cbf951a10	EHRENDORFER: Liste der Gefäßpflanzen Mitteleuropas, 2. Aufl
A_many_sec	Mercurialis perennis	962d4737-7ce7-4078-9d13-4bbb8fd3992e	Mercurialis perennis L.	88892c5c-755c-4f98-970a-7974bb456afc	Greuter & al.: Med-Checklist bisher Bde. 1, 3 und 4
A_many_sec	Mercurialis perennis	a2b69758-aaf5-4f96-bc29-87ccd59d513f	Mercurialis perennis L.	6eeeeacc-1da9-4839-98d6-3169c4237ecd	TUTIN et al.: Flora Europaea
A_many_sec	Mercurialis perennis	a7f9def3-788e-41a1-aaac-2041aed8b04d	Mercurialis perennis L.	8b86a7f4-3586-4402-9d7a-54e9161ed4fd	SCHMEIL-FITSCHEN: Flora von Deutschland und angrenzenden Ländern, 89. Aufl
A_many_sec	Mercurialis perennis	acf82b43-51f2-4b7b-b701-94a41f501324	Mercurialis perennis L.	87ed3300-5846-4ff1-809c-eb289aec54d8	Schubert & Vent 1990
A_many_sec	Mercurialis perennis	b0073e72-0388-4edd-ba99-159879a9b346	Mercurialis perennis L.	0f11a41f-8827-49dc-82df-4b02ad96d33e	HEGI: Illustrierte Flora von Mitteleuropa, Aufl. 2 u. 3
A_many_sec	Osmunda spicant	188d3b1f-b850-421e-80a4-5f26a0333c95	Osmunda spicant L. syn.	ca735e89-ca5c-4381-8e4a-693e6467fde0	OBERDORFER: Pflanzensoziologische Exkursionsflora, ed. 7
A_many_sec	Osmunda spicant	205be516-e0d5-40ca-8f12-d51b82366442	Osmunda spicant L. syn.	790d6644-39f3-4173-ae6c-ec6cbf951a10	EHRENDORFER: Liste der Gefäßpflanzen Mitteleuropas, 2. Aufl
A_many_sec	Osmunda spicant	34d1bb10-f336-47ed-9908-b5aed64fb1c0	Osmunda spicant L. syn.	8b86a7f4-3586-4402-9d7a-54e9161ed4fd	SCHMEIL-FITSCHEN: Flora von Deutschland und angrenzenden Ländern, 89. Aufl
A_many_sec	Osmunda spicant	580e1325-89a8-4003-970b-d820ddc88705	Osmunda spicant L. syn.	6eeeeacc-1da9-4839-98d6-3169c4237ecd	TUTIN et al.: Flora Europaea
A_many_sec	Osmunda spicant	7ecde87e-3316-4674-850e-58a6ec3e3cf5	Osmunda spicant L. syn.	87ed3300-5846-4ff1-809c-eb289aec54d8	Schubert & Vent 1990
A_many_sec	Osmunda spicant	a0a1f0ad-6571-4989-9c43-82665ca44da8	Osmunda spicant L. syn.	88892c5c-755c-4f98-970a-7974bb456afc	Greuter & al.: Med-Checklist bisher Bde. 1, 3 und 4
A_many_sec	Osmunda spicant	ae833a20-0e2f-4126-9267-79f2ee4401d8	Osmunda spicant L. syn.	060afae5-76ef-44a7-921f-1202685ef351	Wisskirchen & Haeupler 1998
A_many_sec	Osmunda spicant	c340dda3-efd9-4942-859e-6ebf8f3691ca	Osmunda spicant L. syn.	0f11a41f-8827-49dc-82df-4b02ad96d33e	HEGI: Illustrierte Flora von Mitteleuropa, Aufl. 2 u. 3
A_many_sec	Primula minima	23190896-4865-4a3c-a0ca-64b0866a33e0	Primula minima L.	87ed3300-5846-4ff1-809c-eb289aec54d8	Schubert & Vent 1990
A_many_sec	Primula minima	5d94b6f8-ccb2-4b18-b0bc-421c2c79fd34	Primula minima L.	8b86a7f4-3586-4402-9d7a-54e9161ed4fd	SCHMEIL-FITSCHEN: Flora von Deutschland und angrenzenden Ländern, 89. Aufl
A_many_sec	Primula minima	733e8247-a25e-473d-b507-3944df1114e4	Primula minima L.	6eeeeacc-1da9-4839-98d6-3169c4237ecd	TUTIN et al.: Flora Europaea
A_many_sec	Primula minima	94bb66de-fdb7-461e-8f28-78a00f37f12c	Primula minima L.	ca735e89-ca5c-4381-8e4a-693e6467fde0	OBERDORFER: Pflanzensoziologische Exkursionsflora, ed. 7
A_many_sec	Primula minima	9bc3969a-8863-42e6-aeb4-d33049425564	Primula minima L.	88892c5c-755c-4f98-970a-7974bb456afc	Greuter & al.: Med-Checklist bisher Bde. 1, 3 und 4
A_many_sec	Primula minima	b157f522-245a-4904-afb1-62db374062aa	Primula minima L.	0f11a41f-8827-49dc-82df-4b02ad96d33e	HEGI: Illustrierte Flora von Mitteleuropa, Aufl. 2 u. 3
A_many_sec	Primula minima	b2d252fe-91ef-4fe4-9aca-78bb1bba9215	Primula minima L.	790d6644-39f3-4173-ae6c-ec6cbf951a10	EHRENDORFER: Liste der Gefäßpflanzen Mitteleuropas, 2. Aufl
A_many_sec	Primula minima	dba9b258-1515-4bcb-9597-9e2598e4babb	Primula minima L.	060afae5-76ef-44a7-921f-1202685ef351	Wisskirchen & Haeupler 1998
A_many_sec	Ranunculus rionii	1180c892-5db9-4217-8367-8129fa57a04c	Ranunculus rionii Lagger	88892c5c-755c-4f98-970a-7974bb456afc	Greuter & al.: Med-Checklist bisher Bde. 1, 3 und 4
A_many_sec	Ranunculus rionii	34a69d24-0363-4f24-b6e8-949c78a85271	Ranunculus rionii Lagger	8b86a7f4-3586-4402-9d7a-54e9161ed4fd	SCHMEIL-FITSCHEN: Flora von Deutschland und angrenzenden Ländern, 89. Aufl
A_many_sec	Ranunculus rionii	9d8f4c7b-e07c-421d-8e72-5c3d066fcd25	Ranunculus rionii Lagger	ca735e89-ca5c-4381-8e4a-693e6467fde0	OBERDORFER: Pflanzensoziologische Exkursionsflora, ed. 7
A_many_sec	Ranunculus rionii	a7ae2cff-3ff7-4e81-94c3-4d439974c83b	Ranunculus rionii Lagger	060afae5-76ef-44a7-921f-1202685ef351	Wisskirchen & Haeupler 1998
A_many_sec	Ranunculus rionii	af3d87f8-f1fd-44b3-873d-ad11cedfe2cc	Ranunculus rionii Lagger	87ed3300-5846-4ff1-809c-eb289aec54d8	Schubert & Vent 1990
A_many_sec	Ranunculus rionii	ce6d3f64-cad1-450b-824c-703f233daf27	Ranunculus rionii Lagger	0f11a41f-8827-49dc-82df-4b02ad96d33e	HEGI: Illustrierte Flora von Mitteleuropa, Aufl. 2 u. 3
A_many_sec	Ranunculus rionii	d67c37d9-e831-4534-bbd4-817cb873d70d	Ranunculus rionii Lagger	790d6644-39f3-4173-ae6c-ec6cbf951a10	EHRENDORFER: Liste der Gefäßpflanzen Mitteleuropas, 2. Aufl
A_many_sec	Ranunculus rionii	fdbb5fe1-5577-4d22-8f5e-214496b1c369	Ranunculus rionii Lagger	6eeeeacc-1da9-4839-98d6-3169c4237ecd	TUTIN et al.: Flora Europaea
A_many_sec	Sisymbrium amphibium	5e88d689-afea-46b8-9270-1b0773d7f22d	Sisymbrium amphibium L. syn.	060afae5-76ef-44a7-921f-1202685ef351	Wisskirchen & Haeupler 1998
A_many_sec	Sisymbrium amphibium	6b479d7a-ab13-41cb-962c-8f840e88b5ee	Sisymbrium amphibium L. syn.	790d6644-39f3-4173-ae6c-ec6cbf951a10	EHRENDORFER: Liste der Gefäßpflanzen Mitteleuropas, 2. Aufl
A_many_sec	Sisymbrium amphibium	83e77506-989e-4ff4-a59d-7324935291e1	Sisymbrium amphibium L. syn.	88892c5c-755c-4f98-970a-7974bb456afc	Greuter & al.: Med-Checklist bisher Bde. 1, 3 und 4
A_many_sec	Sisymbrium amphibium	85163dc7-1269-4e7e-8a38-2ba9e38a6fd5	Sisymbrium amphibium L. syn.	87ed3300-5846-4ff1-809c-eb289aec54d8	Schubert & Vent 1990
A_many_sec	Sisymbrium amphibium	d0fe9e34-00d0-4d50-bd30-f87a981cf0c1	Sisymbrium amphibium L. syn.	0f11a41f-8827-49dc-82df-4b02ad96d33e	HEGI: Illustrierte Flora von Mitteleuropa, Aufl. 2 u. 3
A_many_sec	Sisymbrium amphibium	daa0d631-f882-49bd-ab2a-f7fc0a7649c0	Sisymbrium amphibium L. syn.	6eeeeacc-1da9-4839-98d6-3169c4237ecd	TUTIN et al.: Flora Europaea
A_many_sec	Sisymbrium amphibium	dbace360-b7a2-4048-b95b-7e0c676c7604	Sisymbrium amphibium L. syn.	ca735e89-ca5c-4381-8e4a-693e6467fde0	OBERDORFER: Pflanzensoziologische Exkursionsflora, ed. 7
A_many_sec	Sisymbrium amphibium	f35c683d-9691-4471-b388-c0c5861f6af1	Sisymbrium amphibium L. syn.	8b86a7f4-3586-4402-9d7a-54e9161ed4fd	SCHMEIL-FITSCHEN: Flora von Deutschland und angrenzenden Ländern, 89. Aufl
A_many_sec	Sisymbrium austriacum	1ae3844e-6eb7-477e-b190-2211d09f0e13	Sisymbrium austriacum Jacq.	ca735e89-ca5c-4381-8e4a-693e6467fde0	OBERDORFER: Pflanzensoziologische Exkursionsflora, ed. 7
A_many_sec	Sisymbrium austriacum	215af871-0f02-475c-bc03-f8495e7ef4b1	Sisymbrium austriacum Jacq.	88892c5c-755c-4f98-970a-7974bb456afc	Greuter & al.: Med-Checklist bisher Bde. 1, 3 und 4
A_many_sec	Sisymbrium austriacum	7f66eff4-413f-445f-b002-14240fdf44b0	Sisymbrium austriacum Jacq.	0f11a41f-8827-49dc-82df-4b02ad96d33e	HEGI: Illustrierte Flora von Mitteleuropa, Aufl. 2 u. 3
A_many_sec	Sisymbrium austriacum	813eabc7-3e40-4f83-9872-c75a5b76fa17	Sisymbrium austriacum Jacq.	87ed3300-5846-4ff1-809c-eb289aec54d8	Schubert & Vent 1990
A_many_sec	Sisymbrium austriacum	8cb21145-307f-4f84-ba7d-740082a37d76	Sisymbrium austriacum Jacq.	790d6644-39f3-4173-ae6c-ec6cbf951a10	EHRENDORFER: Liste der Gefäßpflanzen Mitteleuropas, 2. Aufl
A_many_sec	Sisymbrium austriacum	b50fb70f-d829-4ef6-b454-11fa9a864836	Sisymbrium austriacum Jacq.	060afae5-76ef-44a7-921f-1202685ef351	Wisskirchen & Haeupler 1998
A_many_sec	Sisymbrium austriacum	e0715904-c95b-410b-a018-0f52971cbc7c	Sisymbrium austriacum Jacq.	8b86a7f4-3586-4402-9d7a-54e9161ed4fd	SCHMEIL-FITSCHEN: Flora von Deutschland und angrenzenden Ländern, 89. Aufl
A_many_sec	Sisymbrium austriacum	fcb9a753-6743-42dc-891c-15ce83124e41	Sisymbrium austriacum Jacq.	6eeeeacc-1da9-4839-98d6-3169c4237ecd	TUTIN et al.: Flora Europaea
A_many_sec	Tillaea aquatica	2e00d9dd-e559-4280-aa35-5d266c8fcabf	Tillaea aquatica L. syn.	88892c5c-755c-4f98-970a-7974bb456afc	Greuter & al.: Med-Checklist bisher Bde. 1, 3 und 4
A_many_sec	Tillaea aquatica	2f7a289d-85e5-4fbc-b3c0-d42288a063f7	Tillaea aquatica L. syn.	0f11a41f-8827-49dc-82df-4b02ad96d33e	HEGI: Illustrierte Flora von Mitteleuropa, Aufl. 2 u. 3
A_many_sec	Tillaea aquatica	3d73708b-e675-444d-a033-3ea1e3d187a4	Tillaea aquatica L. syn.	ca735e89-ca5c-4381-8e4a-693e6467fde0	OBERDORFER: Pflanzensoziologische Exkursionsflora, ed. 7
A_many_sec	Tillaea aquatica	503aa4ed-88fe-494a-a12f-25a8d0ef2e3a	Tillaea aquatica L. syn.	790d6644-39f3-4173-ae6c-ec6cbf951a10	EHRENDORFER: Liste der Gefäßpflanzen Mitteleuropas, 2. Aufl
A_many_sec	Tillaea aquatica	6a2dadf6-e7f7-4358-aa0a-5bac3f022dd6	Tillaea aquatica L. syn.	060afae5-76ef-44a7-921f-1202685ef351	Wisskirchen & Haeupler 1998
A_many_sec	Tillaea aquatica	78dc3a86-b878-484e-8b50-d1a8675df85e	Tillaea aquatica L. syn.	8b86a7f4-3586-4402-9d7a-54e9161ed4fd	SCHMEIL-FITSCHEN: Flora von Deutschland und angrenzenden Ländern, 89. Aufl
A_many_sec	Tillaea aquatica	af32c3bb-5861-4c80-a50d-b27783f4e67f	Tillaea aquatica L. syn.	87ed3300-5846-4ff1-809c-eb289aec54d8	Schubert & Vent 1990
A_many_sec	Tillaea aquatica	c14ec3cc-c44c-4491-b91e-f10cbed378d1	Tillaea aquatica L. syn.	6eeeeacc-1da9-4839-98d6-3169c4237ecd	TUTIN et al.: Flora Europaea
A_many_sec	Trifolium elegans	055db5a1-e9db-47ba-9d42-f090e96805e9	Trifolium elegans Savi syn.	060afae5-76ef-44a7-921f-1202685ef351	Wisskirchen & Haeupler 1998
A_many_sec	Trifolium elegans	063cc0b5-e842-4159-a53e-0192568dc358	Trifolium elegans Savi syn.	88892c5c-755c-4f98-970a-7974bb456afc	Greuter & al.: Med-Checklist bisher Bde. 1, 3 und 4
A_many_sec	Trifolium elegans	30fc399d-a3eb-41d1-b762-fbf47a856eba	Trifolium elegans Savi syn.	6eeeeacc-1da9-4839-98d6-3169c4237ecd	TUTIN et al.: Flora Europaea
A_many_sec	Trifolium elegans	81bdc5be-df2f-42a9-917a-5bc3550a7ec5	Trifolium elegans Savi syn.	8b86a7f4-3586-4402-9d7a-54e9161ed4fd	SCHMEIL-FITSCHEN: Flora von Deutschland und angrenzenden Ländern, 89. Aufl
A_many_sec	Trifolium elegans	a7bbbdb7-7bde-44d9-bd76-eca9a7baace2	Trifolium elegans Savi syn.	87ed3300-5846-4ff1-809c-eb289aec54d8	Schubert & Vent 1990
A_many_sec	Trifolium elegans	da6ed535-3dd4-40f2-b59e-b76ee9ac299e	Trifolium elegans Savi syn.	0f11a41f-8827-49dc-82df-4b02ad96d33e	HEGI: Illustrierte Flora von Mitteleuropa, Aufl. 2 u. 3
A_many_sec	Trifolium elegans	e740bd90-6e90-45c8-96bc-a05e0197f02c	Trifolium elegans Savi syn.	790d6644-39f3-4173-ae6c-ec6cbf951a10	EHRENDORFER: Liste der Gefäßpflanzen Mitteleuropas, 2. Aufl
A_many_sec	Trifolium elegans	fa0519de-763a-43de-ba94-855027b3598a	Trifolium elegans Savi syn.	ca735e89-ca5c-4381-8e4a-693e6467fde0	OBERDORFER: Pflanzensoziologische Exkursionsflora, ed. 7
B_mid_sec	Anthoxanthum aristatum	0cb7ee94-c423-4b96-a2c8-f61178eb5452	Anthoxanthum aristatum Boiss.	87ed3300-5846-4ff1-809c-eb289aec54d8	Schubert & Vent 1990
B_mid_sec	Anthoxanthum aristatum	278857da-3a7b-4712-be7c-12c51ba4de1c	Anthoxanthum aristatum Boiss.	ca735e89-ca5c-4381-8e4a-693e6467fde0	OBERDORFER: Pflanzensoziologische Exkursionsflora, ed. 7
B_mid_sec	Anthoxanthum aristatum	310ab5b2-5fef-42d6-8f47-33ca8bdbc1ab	Anthoxanthum aristatum Boiss.	8b86a7f4-3586-4402-9d7a-54e9161ed4fd	SCHMEIL-FITSCHEN: Flora von Deutschland und angrenzenden Ländern, 89. Aufl
B_mid_sec	Anthoxanthum aristatum	3b30c636-99a6-4b07-b81e-5512753cdbb4	Anthoxanthum aristatum Boiss.	6eeeeacc-1da9-4839-98d6-3169c4237ecd	TUTIN et al.: Flora Europaea
B_mid_sec	Anthoxanthum aristatum	aa584916-45c0-410c-afb1-404c58f59ed5	Anthoxanthum aristatum Boiss.	0f11a41f-8827-49dc-82df-4b02ad96d33e	HEGI: Illustrierte Flora von Mitteleuropa, Aufl. 2 u. 3
B_mid_sec	Anthoxanthum aristatum	ee9da73d-6e1b-44b9-9929-be7298257262	Anthoxanthum aristatum Boiss.	060afae5-76ef-44a7-921f-1202685ef351	Wisskirchen & Haeupler 1998
B_mid_sec	Arenaria leptoclados	2751229f-6c8c-4fb3-88ae-fd3dd37ca948	Arenaria leptoclados (Rchb.) Guss.	ca735e89-ca5c-4381-8e4a-693e6467fde0	OBERDORFER: Pflanzensoziologische Exkursionsflora, ed. 7
B_mid_sec	Arenaria leptoclados	2fe883d4-bfd8-4cce-8f98-2e1651bf473e	Arenaria leptoclados (Rchb.) Guss.	88892c5c-755c-4f98-970a-7974bb456afc	Greuter & al.: Med-Checklist bisher Bde. 1, 3 und 4
B_mid_sec	Arenaria leptoclados	41190f94-0975-40db-9d34-08d34485cb6a	Arenaria leptoclados (Rchb.) Guss.	0f11a41f-8827-49dc-82df-4b02ad96d33e	HEGI: Illustrierte Flora von Mitteleuropa, Aufl. 2 u. 3
B_mid_sec	Arenaria leptoclados	7e01969f-8413-4fbd-a71c-f3f362447324	Arenaria leptoclados (Rchb.) Guss.	8b86a7f4-3586-4402-9d7a-54e9161ed4fd	SCHMEIL-FITSCHEN: Flora von Deutschland und angrenzenden Ländern, 89. Aufl
B_mid_sec	Arenaria leptoclados	878bbe8c-8e2f-436f-80dd-f2de7b984e82	Arenaria leptoclados (Rchb.) Guss.	060afae5-76ef-44a7-921f-1202685ef351	Wisskirchen & Haeupler 1998
B_mid_sec	Arenaria leptoclados	93991db2-541a-487f-946a-72c09bbb65ab	Arenaria leptoclados (Rchb.) Guss.	790d6644-39f3-4173-ae6c-ec6cbf951a10	EHRENDORFER: Liste der Gefäßpflanzen Mitteleuropas, 2. Aufl
B_mid_sec	Arenaria leptoclados	ed462c0d-c755-4261-ab2e-ac12ff4ad4b7	Arenaria leptoclados (Rchb.) Guss.	87ed3300-5846-4ff1-809c-eb289aec54d8	Schubert & Vent 1990
B_mid_sec	Biscutella ambigua var. tenuifolia	3268855f-f382-403b-a3a4-4a095117870a	Biscutella ambigua var. tenuifolia Bluff & Fingerh. syn.	ca735e89-ca5c-4381-8e4a-693e6467fde0	OBERDORFER: Pflanzensoziologische Exkursionsflora, ed. 7
B_mid_sec	Biscutella ambigua var. tenuifolia	46d5fd29-4e61-4532-bd95-c4d44e75ab1e	Biscutella ambigua var. tenuifolia Bluff & Fingerh. syn.	0f11a41f-8827-49dc-82df-4b02ad96d33e	HEGI: Illustrierte Flora von Mitteleuropa, Aufl. 2 u. 3
B_mid_sec	Biscutella ambigua var. tenuifolia	67cb693b-8797-4903-91af-b9d68e48c33b	Biscutella ambigua var. tenuifolia Bluff & Fingerh. syn.	87ed3300-5846-4ff1-809c-eb289aec54d8	Schubert & Vent 1990
B_mid_sec	Biscutella ambigua var. tenuifolia	b0715a47-8925-44c1-84f1-35f90d8bcfd6	Biscutella ambigua var. tenuifolia Bluff & Fingerh. syn.	6eeeeacc-1da9-4839-98d6-3169c4237ecd	TUTIN et al.: Flora Europaea
B_mid_sec	Biscutella ambigua var. tenuifolia	d00be144-99b2-430b-b73f-e516eb97b1ed	Biscutella ambigua var. tenuifolia Bluff & Fingerh. syn.	060afae5-76ef-44a7-921f-1202685ef351	Wisskirchen & Haeupler 1998
B_mid_sec	Bunium majus	20b048a2-d3e3-4f7b-9960-659f074c269b	Bunium majus Gouan syn.	ca735e89-ca5c-4381-8e4a-693e6467fde0	OBERDORFER: Pflanzensoziologische Exkursionsflora, ed. 7
B_mid_sec	Bunium majus	55d64c97-1c55-492b-8d43-0116f7cceae4	Bunium majus Gouan syn.	060afae5-76ef-44a7-921f-1202685ef351	Wisskirchen & Haeupler 1998
B_mid_sec	Bunium majus	7d92b3a2-613f-4f79-85c4-d13fc84e5666	Bunium majus Gouan syn.	790d6644-39f3-4173-ae6c-ec6cbf951a10	EHRENDORFER: Liste der Gefäßpflanzen Mitteleuropas, 2. Aufl
B_mid_sec	Bunium majus	a0cb3d8e-0267-4eb0-9080-14f057bb6939	Bunium majus Gouan syn.	87ed3300-5846-4ff1-809c-eb289aec54d8	Schubert & Vent 1990
B_mid_sec	Bunium majus	a3441d2f-e864-4160-9cd2-cd10d7dd47d1	Bunium majus Gouan syn.	6eeeeacc-1da9-4839-98d6-3169c4237ecd	TUTIN et al.: Flora Europaea
B_mid_sec	Bunium majus	c75e1c3a-69c4-4f17-b9d1-e421687e319e	Bunium majus Gouan syn.	0f11a41f-8827-49dc-82df-4b02ad96d33e	HEGI: Illustrierte Flora von Mitteleuropa, Aufl. 2 u. 3
B_mid_sec	Bunium majus	cbedcd83-2499-4ee0-a6a9-bc9b4ddd9d65	Bunium majus Gouan syn.	8b86a7f4-3586-4402-9d7a-54e9161ed4fd	SCHMEIL-FITSCHEN: Flora von Deutschland und angrenzenden Ländern, 89. Aufl
B_mid_sec	Carex ornithopodioides	20b63109-f669-48f8-abd8-5139c0322d99	Carex ornithopodioides Hausm.	ca735e89-ca5c-4381-8e4a-693e6467fde0	OBERDORFER: Pflanzensoziologische Exkursionsflora, ed. 7
B_mid_sec	Carex ornithopodioides	9cccc912-aa69-493b-8955-874da92bb6b4	Carex ornithopodioides Hausm.	8b86a7f4-3586-4402-9d7a-54e9161ed4fd	SCHMEIL-FITSCHEN: Flora von Deutschland und angrenzenden Ländern, 89. Aufl
B_mid_sec	Carex ornithopodioides	d2ff045e-75c4-4e91-b19f-be3327dda091	Carex ornithopodioides Hausm.	87ed3300-5846-4ff1-809c-eb289aec54d8	Schubert & Vent 1990
B_mid_sec	Carex ornithopodioides	ef74d1fe-08cc-43ab-b362-2854a515fc0b	Carex ornithopodioides Hausm.	060afae5-76ef-44a7-921f-1202685ef351	Wisskirchen & Haeupler 1998
B_mid_sec	Carex ornithopodioides	f654e739-b641-4e09-b634-667f4d707c6b	Carex ornithopodioides Hausm.	790d6644-39f3-4173-ae6c-ec6cbf951a10	EHRENDORFER: Liste der Gefäßpflanzen Mitteleuropas, 2. Aufl
B_mid_sec	Carex vaginata	0977cc57-a7f4-43a4-915d-073eacc275db	Carex vaginata Tausch	ca735e89-ca5c-4381-8e4a-693e6467fde0	OBERDORFER: Pflanzensoziologische Exkursionsflora, ed. 7
B_mid_sec	Carex vaginata	1b0ef625-3ba7-4ef3-a994-af6744635c46	Carex vaginata Tausch	8b86a7f4-3586-4402-9d7a-54e9161ed4fd	SCHMEIL-FITSCHEN: Flora von Deutschland und angrenzenden Ländern, 89. Aufl
B_mid_sec	Carex vaginata	215eb5c0-5468-427a-bfa4-be4adad1b783	Carex vaginata Tausch	790d6644-39f3-4173-ae6c-ec6cbf951a10	EHRENDORFER: Liste der Gefäßpflanzen Mitteleuropas, 2. Aufl
B_mid_sec	Carex vaginata	2e136ebd-85fa-478a-9320-46f06a47d818	Carex vaginata Tausch	060afae5-76ef-44a7-921f-1202685ef351	Wisskirchen & Haeupler 1998
B_mid_sec	Carex vaginata	6d2b5134-3f7d-4d91-8ece-8eaf4059f5d6	Carex vaginata Tausch	0f11a41f-8827-49dc-82df-4b02ad96d33e	HEGI: Illustrierte Flora von Mitteleuropa, Aufl. 2 u. 3
B_mid_sec	Carex vaginata	dce377b0-f594-4186-9e54-21a6e9163b2e	Carex vaginata Tausch	6eeeeacc-1da9-4839-98d6-3169c4237ecd	TUTIN et al.: Flora Europaea
B_mid_sec	Carex vaginata	f1023423-76ff-4a85-af4f-b89936dd6554	Carex vaginata Tausch	87ed3300-5846-4ff1-809c-eb289aec54d8	Schubert & Vent 1990
B_mid_sec	Delphinium ajacis	209f737a-3e79-4773-9394-12f805ed4cdb	Delphinium ajacis L. syn.	8b86a7f4-3586-4402-9d7a-54e9161ed4fd	SCHMEIL-FITSCHEN: Flora von Deutschland und angrenzenden Ländern, 89. Aufl
B_mid_sec	Delphinium ajacis	80f01b1c-a376-4fe8-b09b-d068cb918603	Delphinium ajacis L. syn.	790d6644-39f3-4173-ae6c-ec6cbf951a10	EHRENDORFER: Liste der Gefäßpflanzen Mitteleuropas, 2. Aufl
B_mid_sec	Delphinium ajacis	911dac39-0c66-4569-b93d-d336c762efb5	Delphinium ajacis L. syn.	87ed3300-5846-4ff1-809c-eb289aec54d8	Schubert & Vent 1990
B_mid_sec	Delphinium ajacis	a6a99303-e541-46d6-9638-75071c2e05bb	Delphinium ajacis L. syn.	6eeeeacc-1da9-4839-98d6-3169c4237ecd	TUTIN et al.: Flora Europaea
B_mid_sec	Delphinium ajacis	f4330a31-d10d-475c-b179-317425bd460a	Delphinium ajacis L. syn.	060afae5-76ef-44a7-921f-1202685ef351	Wisskirchen & Haeupler 1998
B_mid_sec	Euphrasia minima	3d1d70ec-2b9b-4d45-981f-b77665e49fa2	Euphrasia minima Jacq. ex DC.	790d6644-39f3-4173-ae6c-ec6cbf951a10	EHRENDORFER: Liste der Gefäßpflanzen Mitteleuropas, 2. Aufl
B_mid_sec	Euphrasia minima	46737f99-6ecb-440b-9bce-d2799b78502b	Euphrasia minima Jacq. ex DC.	0f11a41f-8827-49dc-82df-4b02ad96d33e	HEGI: Illustrierte Flora von Mitteleuropa, Aufl. 2 u. 3
B_mid_sec	Euphrasia minima	4feb6151-a75f-4b82-b483-210f4762cfd6	Euphrasia minima Jacq. ex DC.	87ed3300-5846-4ff1-809c-eb289aec54d8	Schubert & Vent 1990
B_mid_sec	Euphrasia minima	5c3d10cd-b281-4981-a06a-1e3a66400e60	Euphrasia minima Jacq. ex DC.	060afae5-76ef-44a7-921f-1202685ef351	Wisskirchen & Haeupler 1998
B_mid_sec	Euphrasia minima	7b387b98-2ae8-4370-b6f7-1662c5d50d60	Euphrasia minima Jacq. ex DC.	8b86a7f4-3586-4402-9d7a-54e9161ed4fd	SCHMEIL-FITSCHEN: Flora von Deutschland und angrenzenden Ländern, 89. Aufl
B_mid_sec	Euphrasia minima	bcabd95f-feea-41a7-b0a3-e6bff84d5fa9	Euphrasia minima Jacq. ex DC.	6eeeeacc-1da9-4839-98d6-3169c4237ecd	TUTIN et al.: Flora Europaea
B_mid_sec	Euphrasia minima	dad4dfa0-9f28-4753-b42f-a33032f888df	Euphrasia minima Jacq. ex DC.	ca735e89-ca5c-4381-8e4a-693e6467fde0	OBERDORFER: Pflanzensoziologische Exkursionsflora, ed. 7
B_mid_sec	Fimbristylis	156d8d85-c642-4b4f-bf28-cc9382d919dd	Fimbristylis Vahl, nom. cons.,	510a10f6-7c15-4c6d-a03f-385f092ec854	BfN, Floraweb
B_mid_sec	Fimbristylis	18c65b00-6641-4f60-953e-367cdb505120	Fimbristylis Vahl, nom. cons.,	a03c68ef-9641-47c6-9169-8151db09da97	BRUMMITT 1992
B_mid_sec	Fimbristylis	68141a1f-d20f-460b-aeb1-abb0f5468ed9	Fimbristylis Vahl, nom. cons.,	fc19e4e2-7239-4ff0-a86e-0c78cc856c93	Greuter & al. 1993
B_mid_sec	Fragaria moschata	3714092f-2e96-4a05-a2c7-1e2b1db8b355	Fragaria moschata (Duchesne) Weston	87ed3300-5846-4ff1-809c-eb289aec54d8	Schubert & Vent 1990
B_mid_sec	Fragaria moschata	5de16208-a341-4eb8-ba7a-6a0b7b41efd7	Fragaria moschata (Duchesne) Weston	790d6644-39f3-4173-ae6c-ec6cbf951a10	EHRENDORFER: Liste der Gefäßpflanzen Mitteleuropas, 2. Aufl
B_mid_sec	Fragaria moschata	6e64d461-d185-4fcb-87d1-578ab9f794f7	Fragaria moschata (Duchesne) Weston	8b86a7f4-3586-4402-9d7a-54e9161ed4fd	SCHMEIL-FITSCHEN: Flora von Deutschland und angrenzenden Ländern, 89. Aufl
B_mid_sec	Fragaria moschata	d187066a-d3d0-41b2-b373-85935dc06955	Fragaria moschata (Duchesne) Weston	6eeeeacc-1da9-4839-98d6-3169c4237ecd	TUTIN et al.: Flora Europaea
B_mid_sec	Fragaria moschata	d6b522d7-03a4-4b93-b38f-40802c5c3473	Fragaria moschata (Duchesne) Weston	ca735e89-ca5c-4381-8e4a-693e6467fde0	OBERDORFER: Pflanzensoziologische Exkursionsflora, ed. 7
B_mid_sec	Fragaria moschata	eb44a8b8-8d70-4c1a-9dcc-8fc44611a2d9	Fragaria moschata (Duchesne) Weston	0f11a41f-8827-49dc-82df-4b02ad96d33e	HEGI: Illustrierte Flora von Mitteleuropa, Aufl. 2 u. 3
B_mid_sec	Fragaria moschata	fcd21b4e-0c87-4dfc-99d8-c04acc6fe1f4	Fragaria moschata (Duchesne) Weston	060afae5-76ef-44a7-921f-1202685ef351	Wisskirchen & Haeupler 1998
B_mid_sec	Gagea bohemica subsp. bohemica	0e8e2543-cd74-4c3d-8052-ab079280f8cb	Gagea bohemica subsp. bohemica	87ed3300-5846-4ff1-809c-eb289aec54d8	Schubert & Vent 1990
B_mid_sec	Gagea bohemica subsp. bohemica	5319dcaf-3c72-4eef-bcc9-d9a4b9c9be31	Gagea bohemica subsp. bohemica	060afae5-76ef-44a7-921f-1202685ef351	Wisskirchen & Haeupler 1998
B_mid_sec	Gagea bohemica subsp. bohemica	5c425bbf-ddc9-4af8-b7c4-ba3df0b71edf	Gagea bohemica subsp. bohemica	0f11a41f-8827-49dc-82df-4b02ad96d33e	HEGI: Illustrierte Flora von Mitteleuropa, Aufl. 2 u. 3
B_mid_sec	Gagea bohemica subsp. bohemica	86cb0955-3dfe-43e3-a1ea-df4f8ad725e7	Gagea bohemica subsp. bohemica	ca735e89-ca5c-4381-8e4a-693e6467fde0	OBERDORFER: Pflanzensoziologische Exkursionsflora, ed. 7
B_mid_sec	Hieracium ×stoloniflorum	26c897f8-2d74-4ec3-810e-f94fb1e7aa1d	Hieracium ×stoloniflorum Waldst. & Kit.	87ed3300-5846-4ff1-809c-eb289aec54d8	Schubert & Vent 1990
B_mid_sec	Hieracium ×stoloniflorum	6bdcedfb-d8ed-4b15-9ecf-dba05a5654ca	Hieracium ×stoloniflorum Waldst. & Kit.	790d6644-39f3-4173-ae6c-ec6cbf951a10	EHRENDORFER: Liste der Gefäßpflanzen Mitteleuropas, 2. Aufl
B_mid_sec	Hieracium ×stoloniflorum	6f0c84e9-6ce8-45bb-b8fb-34352d8da603	Hieracium ×stoloniflorum Waldst. & Kit.	0f11a41f-8827-49dc-82df-4b02ad96d33e	HEGI: Illustrierte Flora von Mitteleuropa, Aufl. 2 u. 3
B_mid_sec	Hieracium ×stoloniflorum	8d7bb281-dfab-4851-a5da-70128cbbd7d3	Hieracium ×stoloniflorum Waldst. & Kit.	060afae5-76ef-44a7-921f-1202685ef351	Wisskirchen & Haeupler 1998
B_mid_sec	Hieracium ×stoloniflorum	a3314939-d1c8-4c6e-922b-4d1809d67462	Hieracium ×stoloniflorum Waldst. & Kit.	ca735e89-ca5c-4381-8e4a-693e6467fde0	OBERDORFER: Pflanzensoziologische Exkursionsflora, ed. 7
B_mid_sec	Hieracium ×stoloniflorum	f9e0c720-c074-4bd9-b359-e0934a2d7cf9	Hieracium ×stoloniflorum Waldst. & Kit.	6eeeeacc-1da9-4839-98d6-3169c4237ecd	TUTIN et al.: Flora Europaea
B_mid_sec	Isnardia palustris	0ce46acc-9d78-452e-bb73-2e4f6bca8bcb	Isnardia palustris L. syn.	790d6644-39f3-4173-ae6c-ec6cbf951a10	EHRENDORFER: Liste der Gefäßpflanzen Mitteleuropas, 2. Aufl
B_mid_sec	Isnardia palustris	625d88d9-aba7-4db0-82d0-cd8f1cf0e1b6	Isnardia palustris L. syn.	ca735e89-ca5c-4381-8e4a-693e6467fde0	OBERDORFER: Pflanzensoziologische Exkursionsflora, ed. 7
B_mid_sec	Isnardia palustris	7273a92b-8d67-499c-adcf-31aa5b683995	Isnardia palustris L. syn.	88892c5c-755c-4f98-970a-7974bb456afc	Greuter & al.: Med-Checklist bisher Bde. 1, 3 und 4
B_mid_sec	Isnardia palustris	77f0168c-b87d-406a-acf9-d26f23971fbd	Isnardia palustris L. syn.	8b86a7f4-3586-4402-9d7a-54e9161ed4fd	SCHMEIL-FITSCHEN: Flora von Deutschland und angrenzenden Ländern, 89. Aufl
B_mid_sec	Isnardia palustris	90047643-5349-4a87-81ad-88bfa72c6932	Isnardia palustris L. syn.	87ed3300-5846-4ff1-809c-eb289aec54d8	Schubert & Vent 1990
B_mid_sec	Isnardia palustris	c28ba9d2-83ad-4e4b-94f0-abce1722e900	Isnardia palustris L. syn.	6eeeeacc-1da9-4839-98d6-3169c4237ecd	TUTIN et al.: Flora Europaea
B_mid_sec	Isnardia palustris	ef133f40-7596-4c11-9d40-450e456ae6ba	Isnardia palustris L. syn.	060afae5-76ef-44a7-921f-1202685ef351	Wisskirchen & Haeupler 1998
B_mid_sec	Juncus sphaerocarpus	0a5e1033-3330-4b54-8307-6e99e883524a	Juncus sphaerocarpus Nees	060afae5-76ef-44a7-921f-1202685ef351	Wisskirchen & Haeupler 1998
B_mid_sec	Juncus sphaerocarpus	0bd70ee6-9235-4508-a40e-8bc9cc86d297	Juncus sphaerocarpus Nees	ca735e89-ca5c-4381-8e4a-693e6467fde0	OBERDORFER: Pflanzensoziologische Exkursionsflora, ed. 7
B_mid_sec	Juncus sphaerocarpus	50c74440-93a5-4dc7-a36b-74cbba81005d	Juncus sphaerocarpus Nees	0f11a41f-8827-49dc-82df-4b02ad96d33e	HEGI: Illustrierte Flora von Mitteleuropa, Aufl. 2 u. 3
B_mid_sec	Juncus sphaerocarpus	59f1ef68-c496-4cf6-be72-532a846ec1d3	Juncus sphaerocarpus Nees	87ed3300-5846-4ff1-809c-eb289aec54d8	Schubert & Vent 1990
B_mid_sec	Juncus sphaerocarpus	87138529-d749-4b23-b7e4-f72c5efd8e5b	Juncus sphaerocarpus Nees	6eeeeacc-1da9-4839-98d6-3169c4237ecd	TUTIN et al.: Flora Europaea
B_mid_sec	Juncus sphaerocarpus	b2d7c123-dc25-482b-85b6-8a728c04eb06	Juncus sphaerocarpus Nees	8b86a7f4-3586-4402-9d7a-54e9161ed4fd	SCHMEIL-FITSCHEN: Flora von Deutschland und angrenzenden Ländern, 89. Aufl
B_mid_sec	Juncus sphaerocarpus	dcff25be-8ca1-45dc-a723-7f9876daad22	Juncus sphaerocarpus Nees	790d6644-39f3-4173-ae6c-ec6cbf951a10	EHRENDORFER: Liste der Gefäßpflanzen Mitteleuropas, 2. Aufl
B_mid_sec	Leontopodium	4294dc71-fca1-4b91-b963-0b2b61911559	Leontopodium R. Br. ex Cass.	a03c68ef-9641-47c6-9169-8151db09da97	BRUMMITT 1992
B_mid_sec	Leontopodium	845a7996-b617-47fa-b68a-5db8f6b4d8af	Leontopodium R. Br. ex Cass.	060afae5-76ef-44a7-921f-1202685ef351	Wisskirchen & Haeupler 1998
B_mid_sec	Leontopodium	a436f382-5a6b-4121-a122-a70ec0616209	Leontopodium R. Br. ex Cass.	fc19e4e2-7239-4ff0-a86e-0c78cc856c93	Greuter & al. 1993
B_mid_sec	Lilium bulbiferum	0a0943c0-a1fc-4b66-8cbc-bbf084c57ba2	Lilium bulbiferum L.	790d6644-39f3-4173-ae6c-ec6cbf951a10	EHRENDORFER: Liste der Gefäßpflanzen Mitteleuropas, 2. Aufl
B_mid_sec	Lilium bulbiferum	0d2d5080-fd93-4635-aec3-7a6454ac4865	Lilium bulbiferum L.	ca735e89-ca5c-4381-8e4a-693e6467fde0	OBERDORFER: Pflanzensoziologische Exkursionsflora, ed. 7
B_mid_sec	Lilium bulbiferum	318b1007-9cc5-459f-8b8d-b590ecd1b960	Lilium bulbiferum L.	87ed3300-5846-4ff1-809c-eb289aec54d8	Schubert & Vent 1990
B_mid_sec	Lilium bulbiferum	4b673262-902e-4be2-81be-b5627e4361f9	Lilium bulbiferum L.	0f11a41f-8827-49dc-82df-4b02ad96d33e	HEGI: Illustrierte Flora von Mitteleuropa, Aufl. 2 u. 3
B_mid_sec	Lilium bulbiferum	8ae9dcd6-0133-45f3-98ce-089341f23768	Lilium bulbiferum L.	6eeeeacc-1da9-4839-98d6-3169c4237ecd	TUTIN et al.: Flora Europaea
B_mid_sec	Lilium bulbiferum	b313a0a5-b0be-4826-980a-3cb973758171	Lilium bulbiferum L.	060afae5-76ef-44a7-921f-1202685ef351	Wisskirchen & Haeupler 1998
B_mid_sec	Lilium bulbiferum	f898a426-b0f5-4886-a9f9-d79b702937d4	Lilium bulbiferum L.	8b86a7f4-3586-4402-9d7a-54e9161ed4fd	SCHMEIL-FITSCHEN: Flora von Deutschland und angrenzenden Ländern, 89. Aufl
B_mid_sec	Listera cordata	0e342312-d3d6-4343-ba6a-d62e5538bc31	Listera cordata (L.) R. Br.	0f11a41f-8827-49dc-82df-4b02ad96d33e	HEGI: Illustrierte Flora von Mitteleuropa, Aufl. 2 u. 3
B_mid_sec	Listera cordata	2b06ac05-1e4d-4236-a7e8-c81cf1c6ae7a	Listera cordata (L.) R. Br.	8b86a7f4-3586-4402-9d7a-54e9161ed4fd	SCHMEIL-FITSCHEN: Flora von Deutschland und angrenzenden Ländern, 89. Aufl
B_mid_sec	Listera cordata	37348424-59b6-45a4-be0a-569ec07e7312	Listera cordata (L.) R. Br.	87ed3300-5846-4ff1-809c-eb289aec54d8	Schubert & Vent 1990
B_mid_sec	Listera cordata	3b367fe3-e30a-4060-9e61-4853cdac5239	Listera cordata (L.) R. Br.	6eeeeacc-1da9-4839-98d6-3169c4237ecd	TUTIN et al.: Flora Europaea
B_mid_sec	Listera cordata	4cbb6799-2e71-4831-8df2-f87a3a2b0a50	Listera cordata (L.) R. Br.	060afae5-76ef-44a7-921f-1202685ef351	Wisskirchen & Haeupler 1998
B_mid_sec	Listera cordata	7a08007b-c941-4031-a672-a5a4b07e4abd	Listera cordata (L.) R. Br.	ca735e89-ca5c-4381-8e4a-693e6467fde0	OBERDORFER: Pflanzensoziologische Exkursionsflora, ed. 7
B_mid_sec	Listera cordata	e085e9a4-14cd-4892-9a76-d8642e9b58c1	Listera cordata (L.) R. Br.	790d6644-39f3-4173-ae6c-ec6cbf951a10	EHRENDORFER: Liste der Gefäßpflanzen Mitteleuropas, 2. Aufl
B_mid_sec	Orobanche	24c04ba4-2f99-4ea4-81ff-504d4a6b2c78	Orobanche L.	060afae5-76ef-44a7-921f-1202685ef351	Wisskirchen & Haeupler 1998
B_mid_sec	Orobanche	903ecf84-87de-41df-b0f9-fc03e60235c3	Orobanche L.	a03c68ef-9641-47c6-9169-8151db09da97	BRUMMITT 1992
B_mid_sec	Orobanche	bdd2c2bd-3323-42b8-acb2-518084160df9	Orobanche L.	fc19e4e2-7239-4ff0-a86e-0c78cc856c93	Greuter & al. 1993
B_mid_sec	Primula ×pubescens	44f74f6f-1903-4889-a59a-e1fd7b01ecc0	Primula ×pubescens Jacq.	0f11a41f-8827-49dc-82df-4b02ad96d33e	HEGI: Illustrierte Flora von Mitteleuropa, Aufl. 2 u. 3
B_mid_sec	Primula ×pubescens	55d00e82-c069-407d-8f39-849fb30b1b3e	Primula ×pubescens Jacq.	87ed3300-5846-4ff1-809c-eb289aec54d8	Schubert & Vent 1990
B_mid_sec	Primula ×pubescens	5b3605f5-cbea-4508-8cce-d3e63341a3ed	Primula ×pubescens Jacq.	060afae5-76ef-44a7-921f-1202685ef351	Wisskirchen & Haeupler 1998
B_mid_sec	Ridolfia	683f8459-9bcc-4361-96f5-72678213d6aa	Ridolfia Moris	fc19e4e2-7239-4ff0-a86e-0c78cc856c93	Greuter & al. 1993
B_mid_sec	Ridolfia	7adeb326-653e-4564-89fe-4ad73e1b69d8	Ridolfia Moris	a03c68ef-9641-47c6-9169-8151db09da97	BRUMMITT 1992
B_mid_sec	Ridolfia	c887b6a1-1cea-4b70-87ee-376b38995cc4	Ridolfia Moris	510a10f6-7c15-4c6d-a03f-385f092ec854	BfN, Floraweb
B_mid_sec	Rubus arrhenii	042b4b60-28ef-4a4f-a711-2c7d0119416c	Rubus arrhenii Lange	0f11a41f-8827-49dc-82df-4b02ad96d33e	HEGI: Illustrierte Flora von Mitteleuropa, Aufl. 2 u. 3
B_mid_sec	Rubus arrhenii	422e648d-29f4-4c13-bb11-cc2ee5a408bd	Rubus arrhenii Lange	790d6644-39f3-4173-ae6c-ec6cbf951a10	EHRENDORFER: Liste der Gefäßpflanzen Mitteleuropas, 2. Aufl
B_mid_sec	Rubus arrhenii	4c59e540-6c86-4cb1-b842-18b6fc034e64	Rubus arrhenii Lange	ca735e89-ca5c-4381-8e4a-693e6467fde0	OBERDORFER: Pflanzensoziologische Exkursionsflora, ed. 7
B_mid_sec	Rubus arrhenii	bb9c4202-3362-4ccf-a38d-01aa59334d3e	Rubus arrhenii Lange	060afae5-76ef-44a7-921f-1202685ef351	Wisskirchen & Haeupler 1998
B_mid_sec	Rubus tereticaulis	5f63e5b1-3c41-4a00-86ae-f877a9b4fce3	Rubus tereticaulis P. J. Müll.	0f11a41f-8827-49dc-82df-4b02ad96d33e	HEGI: Illustrierte Flora von Mitteleuropa, Aufl. 2 u. 3
B_mid_sec	Rubus tereticaulis	ab8c7d32-f8d0-4a92-9005-209b16237456	Rubus tereticaulis P. J. Müll.	060afae5-76ef-44a7-921f-1202685ef351	Wisskirchen & Haeupler 1998
B_mid_sec	Rubus tereticaulis	b98b8090-6f63-436f-b0cb-27d37ae815ed	Rubus tereticaulis P. J. Müll.	790d6644-39f3-4173-ae6c-ec6cbf951a10	EHRENDORFER: Liste der Gefäßpflanzen Mitteleuropas, 2. Aufl
B_mid_sec	Rubus tereticaulis	d9031bfd-573e-4617-9b31-1bb62d882c58	Rubus tereticaulis P. J. Müll.	ca735e89-ca5c-4381-8e4a-693e6467fde0	OBERDORFER: Pflanzensoziologische Exkursionsflora, ed. 7
B_mid_sec	Schoenoplectus lacustris	2aaaafac-81f5-4e3a-af58-617b4697d9c0	Schoenoplectus lacustris (L.) Palla	ca735e89-ca5c-4381-8e4a-693e6467fde0	OBERDORFER: Pflanzensoziologische Exkursionsflora, ed. 7
B_mid_sec	Schoenoplectus lacustris	3daaf08b-b298-44d7-9b68-fe1ded35baf9	Schoenoplectus lacustris (L.) Palla	060afae5-76ef-44a7-921f-1202685ef351	Wisskirchen & Haeupler 1998
B_mid_sec	Schoenoplectus lacustris	5148af4c-024a-4034-9a40-9551206ce6d0	Schoenoplectus lacustris (L.) Palla	87ed3300-5846-4ff1-809c-eb289aec54d8	Schubert & Vent 1990
B_mid_sec	Schoenoplectus lacustris	fc8785b9-167f-49ea-9c66-c04517d2640b	Schoenoplectus lacustris (L.) Palla	790d6644-39f3-4173-ae6c-ec6cbf951a10	EHRENDORFER: Liste der Gefäßpflanzen Mitteleuropas, 2. Aufl
B_mid_sec	Spiraea opulifolia	0fa64189-5af2-40b8-9b06-b35fe41c4281	Spiraea opulifolia L. syn.	0f11a41f-8827-49dc-82df-4b02ad96d33e	HEGI: Illustrierte Flora von Mitteleuropa, Aufl. 2 u. 3
B_mid_sec	Spiraea opulifolia	184b00a4-684e-4fd7-b07a-7c65bb88cd00	Spiraea opulifolia L. syn.	6eeeeacc-1da9-4839-98d6-3169c4237ecd	TUTIN et al.: Flora Europaea
B_mid_sec	Spiraea opulifolia	2a1ef263-3c6f-4ca0-b326-9d39368e504b	Spiraea opulifolia L. syn.	87ed3300-5846-4ff1-809c-eb289aec54d8	Schubert & Vent 1990
B_mid_sec	Spiraea opulifolia	5afc7c99-5060-426a-b0dc-1fdf0b853c03	Spiraea opulifolia L. syn.	ca735e89-ca5c-4381-8e4a-693e6467fde0	OBERDORFER: Pflanzensoziologische Exkursionsflora, ed. 7
B_mid_sec	Spiraea opulifolia	7eca4ea6-80f8-4ad6-8467-67a1c14e552c	Spiraea opulifolia L. syn.	8b86a7f4-3586-4402-9d7a-54e9161ed4fd	SCHMEIL-FITSCHEN: Flora von Deutschland und angrenzenden Ländern, 89. Aufl
B_mid_sec	Spiraea opulifolia	b556cf51-a766-440b-958e-044ee735eee3	Spiraea opulifolia L. syn.	060afae5-76ef-44a7-921f-1202685ef351	Wisskirchen & Haeupler 1998
B_mid_sec	Spiraea opulifolia	bc182e41-50b8-4a2b-a07f-71fe4a7755dc	Spiraea opulifolia L. syn.	790d6644-39f3-4173-ae6c-ec6cbf951a10	EHRENDORFER: Liste der Gefäßpflanzen Mitteleuropas, 2. Aufl
B_mid_sec	Taraxacum canoviride	03f61ff7-0c16-42eb-9f8d-891fe6262550	Taraxacum canoviride H. Lindb. ex Poulanne	060afae5-76ef-44a7-921f-1202685ef351	Wisskirchen & Haeupler 1998
B_mid_sec	Taraxacum canoviride	732dec21-2d33-42f2-8907-1dadeb42b39b	Taraxacum canoviride H. Lindb. ex Poulanne	87ed3300-5846-4ff1-809c-eb289aec54d8	Schubert & Vent 1990
B_mid_sec	Taraxacum canoviride	d00f37b4-aa14-4f6b-a747-c685c0cebf93	Taraxacum canoviride H. Lindb. ex Poulanne	6eeeeacc-1da9-4839-98d6-3169c4237ecd	TUTIN et al.: Flora Europaea
B_mid_sec	Taraxacum lingulatum	2720cf0a-4764-484e-858b-64b0833fcd8b	Taraxacum lingulatum Markl.	6eeeeacc-1da9-4839-98d6-3169c4237ecd	TUTIN et al.: Flora Europaea
B_mid_sec	Taraxacum lingulatum	4fedce05-8a24-407f-984f-b44fd2c0e318	Taraxacum lingulatum Markl.	060afae5-76ef-44a7-921f-1202685ef351	Wisskirchen & Haeupler 1998
B_mid_sec	Taraxacum lingulatum	a533afe2-f365-4dd4-a317-3d6036fc1d5d	Taraxacum lingulatum Markl.	87ed3300-5846-4ff1-809c-eb289aec54d8	Schubert & Vent 1990
B_mid_sec	Taraxacum subundulatum	56683c6d-98df-4017-a3dd-5fcc3aa46f83	Taraxacum subundulatum Dahlst.	060afae5-76ef-44a7-921f-1202685ef351	Wisskirchen & Haeupler 1998
B_mid_sec	Taraxacum subundulatum	5aa5700e-c5cf-400b-996d-d8a6a6999d95	Taraxacum subundulatum Dahlst.	87ed3300-5846-4ff1-809c-eb289aec54d8	Schubert & Vent 1990
B_mid_sec	Taraxacum subundulatum	64ca591f-ca7a-464a-a97f-9b8c175de7ae	Taraxacum subundulatum Dahlst.	6eeeeacc-1da9-4839-98d6-3169c4237ecd	TUTIN et al.: Flora Europaea
B_mid_sec	Veronica persica	1165a07b-7b98-49d4-b31e-04e8f1efe5d5	Veronica persica Poir.	8b86a7f4-3586-4402-9d7a-54e9161ed4fd	SCHMEIL-FITSCHEN: Flora von Deutschland und angrenzenden Ländern, 89. Aufl
B_mid_sec	Veronica persica	30132abb-b89b-43a0-b4fe-b68d2116b5a5	Veronica persica Poir.	060afae5-76ef-44a7-921f-1202685ef351	Wisskirchen & Haeupler 1998
B_mid_sec	Veronica persica	30f1e6cf-5368-46e0-ba5c-3ef347a3cbdd	Veronica persica Poir.	790d6644-39f3-4173-ae6c-ec6cbf951a10	EHRENDORFER: Liste der Gefäßpflanzen Mitteleuropas, 2. Aufl
B_mid_sec	Veronica persica	315b95ec-0eda-4dc8-a6f6-0049830a0fbd	Veronica persica Poir.	0f11a41f-8827-49dc-82df-4b02ad96d33e	HEGI: Illustrierte Flora von Mitteleuropa, Aufl. 2 u. 3
B_mid_sec	Veronica persica	454889c9-36a3-43c3-a42c-fc390d7a05b1	Veronica persica Poir.	6eeeeacc-1da9-4839-98d6-3169c4237ecd	TUTIN et al.: Flora Europaea
B_mid_sec	Veronica persica	5fbadaac-6785-4eb1-ac87-8b777de03191	Veronica persica Poir.	87ed3300-5846-4ff1-809c-eb289aec54d8	Schubert & Vent 1990
B_mid_sec	Veronica persica	9b2d915f-fa40-46bb-af4a-66137992c0e3	Veronica persica Poir.	ca735e89-ca5c-4381-8e4a-693e6467fde0	OBERDORFER: Pflanzensoziologische Exkursionsflora, ed. 7
B_mid_sec	Vicia villosa subsp. villosa	04a92f44-a0f9-4d57-a981-1edb926caec8	Vicia villosa subsp. villosa	88892c5c-755c-4f98-970a-7974bb456afc	Greuter & al.: Med-Checklist bisher Bde. 1, 3 und 4
B_mid_sec	Vicia villosa subsp. villosa	5760bcf6-54ac-4f65-9317-87b21a3abb0a	Vicia villosa subsp. villosa	790d6644-39f3-4173-ae6c-ec6cbf951a10	EHRENDORFER: Liste der Gefäßpflanzen Mitteleuropas, 2. Aufl
B_mid_sec	Vicia villosa subsp. villosa	642b1ab0-9dcd-411e-854d-c4ce651a91d8	Vicia villosa subsp. villosa	6eeeeacc-1da9-4839-98d6-3169c4237ecd	TUTIN et al.: Flora Europaea
B_mid_sec	Vicia villosa subsp. villosa	94183905-7829-45e4-865d-2646cad659df	Vicia villosa subsp. villosa	060afae5-76ef-44a7-921f-1202685ef351	Wisskirchen & Haeupler 1998
B_mid_sec	Vicia villosa subsp. villosa	e7879654-7c13-4fd3-bc37-5d8deb401ebc	Vicia villosa subsp. villosa	0f11a41f-8827-49dc-82df-4b02ad96d33e	HEGI: Illustrierte Flora von Mitteleuropa, Aufl. 2 u. 3
B_mid_sec	Viola odorata	20fd27a7-861a-42f5-95ec-d8a601ab63aa	Viola odorata L.	8b86a7f4-3586-4402-9d7a-54e9161ed4fd	SCHMEIL-FITSCHEN: Flora von Deutschland und angrenzenden Ländern, 89. Aufl
B_mid_sec	Viola odorata	49b39627-149c-4e8e-bd81-ae6d6d166f4d	Viola odorata L.	87ed3300-5846-4ff1-809c-eb289aec54d8	Schubert & Vent 1990
B_mid_sec	Viola odorata	6bfbdf6b-832b-4994-83fe-5ce1bc53f277	Viola odorata L.	060afae5-76ef-44a7-921f-1202685ef351	Wisskirchen & Haeupler 1998
B_mid_sec	Viola odorata	7e769138-2fd2-48fe-9711-ce6b6b881379	Viola odorata L.	790d6644-39f3-4173-ae6c-ec6cbf951a10	EHRENDORFER: Liste der Gefäßpflanzen Mitteleuropas, 2. Aufl
B_mid_sec	Viola odorata	82c0e3ef-a0b7-40b2-bb3e-5bc3362c0cf5	Viola odorata L.	6eeeeacc-1da9-4839-98d6-3169c4237ecd	TUTIN et al.: Flora Europaea
B_mid_sec	Viola odorata	f4c986a6-124e-44ff-8b6a-c501a2dc34cd	Viola odorata L.	0f11a41f-8827-49dc-82df-4b02ad96d33e	HEGI: Illustrierte Flora von Mitteleuropa, Aufl. 2 u. 3
B_mid_sec	Viola odorata	fd576e3b-5448-46dc-9ecd-02c58ba5f7a4	Viola odorata L.	ca735e89-ca5c-4381-8e4a-693e6467fde0	OBERDORFER: Pflanzensoziologische Exkursionsflora, ed. 7
C_two_sec	Achillea pratensis	abd51e2d-647b-4538-807f-e4b392d60626	Achillea pratensis Saukel & Länger	ca735e89-ca5c-4381-8e4a-693e6467fde0	OBERDORFER: Pflanzensoziologische Exkursionsflora, ed. 7
C_two_sec	Achillea pratensis	d4b09ae3-7003-4380-bb6a-32f5aee5bd1a	Achillea pratensis Saukel & Länger	060afae5-76ef-44a7-921f-1202685ef351	Wisskirchen & Haeupler 1998
C_two_sec	Arabis pauciflora	a44ae149-50e6-483e-93e8-d3d4120c8de3	Arabis pauciflora (Grimm) Garcke	060afae5-76ef-44a7-921f-1202685ef351	Wisskirchen & Haeupler 1998
C_two_sec	Arabis pauciflora	b1350a16-f84c-4eb1-a163-6773e1818682	Arabis pauciflora (Grimm) Garcke	8b86a7f4-3586-4402-9d7a-54e9161ed4fd	SCHMEIL-FITSCHEN: Flora von Deutschland und angrenzenden Ländern, 89. Aufl
C_two_sec	Artemisia vulgaris aggr.	7d24538b-2689-4932-9254-864b800eb655	Artemisia vulgaris aggr.	790d6644-39f3-4173-ae6c-ec6cbf951a10	EHRENDORFER: Liste der Gefäßpflanzen Mitteleuropas, 2. Aufl
C_two_sec	Artemisia vulgaris aggr.	a61c1102-b085-4426-aeb8-873eccf402f2	Artemisia vulgaris aggr.	060afae5-76ef-44a7-921f-1202685ef351	Wisskirchen & Haeupler 1998
C_two_sec	Bromus japonicus subsp. japonicus	be982550-7385-4f07-88c4-9fb7362cc2c1	Bromus japonicus subsp. japonicus	0f11a41f-8827-49dc-82df-4b02ad96d33e	HEGI: Illustrierte Flora von Mitteleuropa, Aufl. 2 u. 3
C_two_sec	Bromus japonicus subsp. japonicus	c806254d-e9ef-4a80-b0e5-4412f82501fb	Bromus japonicus subsp. japonicus	060afae5-76ef-44a7-921f-1202685ef351	Wisskirchen & Haeupler 1998
C_two_sec	Bromus secalinus aggr.	32e6dc96-9e13-474a-8c5a-00740d3fda8a	Bromus secalinus aggr.	790d6644-39f3-4173-ae6c-ec6cbf951a10	EHRENDORFER: Liste der Gefäßpflanzen Mitteleuropas, 2. Aufl
C_two_sec	Bromus secalinus aggr.	be78dcea-1f4e-4606-8360-023056e4e7c5	Bromus secalinus aggr.	060afae5-76ef-44a7-921f-1202685ef351	Wisskirchen & Haeupler 1998
C_two_sec	Centaurea variegata var. aligera	00fbd40d-acfe-4a68-84bb-3f7baeb52085	Centaurea variegata var. aligera Gugler syn.	060afae5-76ef-44a7-921f-1202685ef351	Wisskirchen & Haeupler 1998
C_two_sec	Centaurea variegata var. aligera	064b8b86-1d2e-44a4-8720-ad98beefc85c	Centaurea variegata var. aligera Gugler syn.	6eeeeacc-1da9-4839-98d6-3169c4237ecd	TUTIN et al.: Flora Europaea
C_two_sec	Chrysanthemum montanum	5f40e099-3dc3-452f-81b1-6c02afecd3af	Chrysanthemum montanum L.	be62f034-87fd-40e2-bd16-da024e05eaf5	Andere Referenzen (fuer auct. Synonyme)
C_two_sec	Chrysanthemum montanum	c0a0ede3-2271-459c-949d-4d52b36cba67	Chrysanthemum montanum L.	510a10f6-7c15-4c6d-a03f-385f092ec854	BfN, Floraweb
C_two_sec	Colchicaceae	0ad545ea-c158-45ee-8fe1-23a37d13d0dd	Colchicaceae	060afae5-76ef-44a7-921f-1202685ef351	Wisskirchen & Haeupler 1998
C_two_sec	Colchicaceae	82589b8f-5068-49c7-91ac-31d3e7791558	Colchicaceae	a03c68ef-9641-47c6-9169-8151db09da97	BRUMMITT 1992
C_two_sec	Conyza albida	2a2f2c61-3105-431a-851c-dd767fb768e9	Conyza albida Willd. ex Spreng.	060afae5-76ef-44a7-921f-1202685ef351	Wisskirchen & Haeupler 1998
C_two_sec	Conyza albida	68dc2b85-c8b5-4b51-bdb7-fcd22130e036	Conyza albida Willd. ex Spreng.	0f11a41f-8827-49dc-82df-4b02ad96d33e	HEGI: Illustrierte Flora von Mitteleuropa, Aufl. 2 u. 3
C_two_sec	Cucurbitaceae	6bcad282-e7a4-4c34-b213-ddc3c3e5e90c	Cucurbitaceae Juss.	060afae5-76ef-44a7-921f-1202685ef351	Wisskirchen & Haeupler 1998
C_two_sec	Cucurbitaceae	c908e7f0-6e1b-48a2-ba46-54c2c7eefe7e	Cucurbitaceae Juss.	a03c68ef-9641-47c6-9169-8151db09da97	BRUMMITT 1992
C_two_sec	Dactylis glomerata aggr.	0ca56e15-bdbb-4d45-802a-3bcba78f9094	Dactylis glomerata aggr.	790d6644-39f3-4173-ae6c-ec6cbf951a10	EHRENDORFER: Liste der Gefäßpflanzen Mitteleuropas, 2. Aufl
C_two_sec	Dactylis glomerata aggr.	20e1178b-2745-4d42-ae32-d407c4bb8f6b	Dactylis glomerata aggr.	060afae5-76ef-44a7-921f-1202685ef351	Wisskirchen & Haeupler 1998
C_two_sec	Dactylorhiza maculata aggr.	9329a1c2-5ccd-4edd-9570-e8f49b7e7283	Dactylorhiza maculata aggr.	790d6644-39f3-4173-ae6c-ec6cbf951a10	EHRENDORFER: Liste der Gefäßpflanzen Mitteleuropas, 2. Aufl
C_two_sec	Dactylorhiza maculata aggr.	aa4e12d4-cc0b-4998-9563-d969d738973f	Dactylorhiza maculata aggr.	060afae5-76ef-44a7-921f-1202685ef351	Wisskirchen & Haeupler 1998
C_two_sec	Dioscoreaceae	6aae7921-6d8e-4b2b-a227-c30291190215	Dioscoreaceae R. Br.	a03c68ef-9641-47c6-9169-8151db09da97	BRUMMITT 1992
C_two_sec	Dioscoreaceae	6c4e0f9f-529b-4493-bf2d-a7f23d7d710f	Dioscoreaceae R. Br.	060afae5-76ef-44a7-921f-1202685ef351	Wisskirchen & Haeupler 1998
C_two_sec	Eriophorum cyperinum	78703624-0248-4ad1-b028-40a43f19d3c3	Eriophorum cyperinum L. syn.	060afae5-76ef-44a7-921f-1202685ef351	Wisskirchen & Haeupler 1998
C_two_sec	Eriophorum cyperinum	97d63ca8-9701-404a-87a6-9bbf76e40fc0	Eriophorum cyperinum L. syn.	8b86a7f4-3586-4402-9d7a-54e9161ed4fd	SCHMEIL-FITSCHEN: Flora von Deutschland und angrenzenden Ländern, 89. Aufl
C_two_sec	Eriophyllum lanatum	0a11956c-b71e-4a3d-a9a5-fad4d5568fa5	Eriophyllum lanatum (Pursh) Forbes	060afae5-76ef-44a7-921f-1202685ef351	Wisskirchen & Haeupler 1998
C_two_sec	Eriophyllum lanatum	21bd8556-2ffb-4d44-b551-aeb65d358e58	Eriophyllum lanatum (Pursh) Forbes	8b86a7f4-3586-4402-9d7a-54e9161ed4fd	SCHMEIL-FITSCHEN: Flora von Deutschland und angrenzenden Ländern, 89. Aufl
C_two_sec	Euphorbiaceae	78c4114a-4a15-438d-a604-ec0c9a16a4b8	Euphorbiaceae Juss.	060afae5-76ef-44a7-921f-1202685ef351	Wisskirchen & Haeupler 1998
C_two_sec	Euphorbiaceae	78dce1b3-ca75-4795-b9f9-5a98845bfadc	Euphorbiaceae Juss.	a03c68ef-9641-47c6-9169-8151db09da97	BRUMMITT 1992
C_two_sec	Festuca aquisgranensis	0388228f-ea4e-4c7b-b574-17ec21e7c44a	Festuca aquisgranensis Patzke & G. Brown	ca735e89-ca5c-4381-8e4a-693e6467fde0	OBERDORFER: Pflanzensoziologische Exkursionsflora, ed. 7
C_two_sec	Festuca aquisgranensis	9839b2c8-367e-481f-86b5-abf56aa2be70	Festuca aquisgranensis Patzke & G. Brown	7c27022c-c9a9-434c-b972-58e0bf5a2ee0	R. Wisskirchen & H. Haeupler 1998
C_two_sec	Fourraea	118ad38a-9b5c-4f4c-b541-a47573cff2e6	Fourraea Greuter & Burdet	fc19e4e2-7239-4ff0-a86e-0c78cc856c93	Greuter & al. 1993
C_two_sec	Fourraea	e722400d-8192-46d1-9d4b-e0befba8ddaa	Fourraea Greuter & Burdet	060afae5-76ef-44a7-921f-1202685ef351	Wisskirchen & Haeupler 1998
C_two_sec	Gentianella germanica aggr.	00c68fc0-2f4a-4800-b2be-4d52d65f9526	Gentianella germanica aggr.	790d6644-39f3-4173-ae6c-ec6cbf951a10	EHRENDORFER: Liste der Gefäßpflanzen Mitteleuropas, 2. Aufl
C_two_sec	Gentianella germanica aggr.	8ebbfdc9-5be1-484c-af28-bf9d40fa1d0d	Gentianella germanica aggr.	060afae5-76ef-44a7-921f-1202685ef351	Wisskirchen & Haeupler 1998
C_two_sec	Hieracium fallacinum f.	2dbd66e9-0c04-42bf-92d0-d4c93226b147	Hieracium fallacinum F. W. Schultz	3277ca6b-bbfb-405b-a9f9-657241907279	Sell & West in Fl. Europ
C_two_sec	Hieracium fallacinum f.	6f392a7f-b438-4236-9a05-83c6d886c1fd	Hieracium fallacinum F. W. Schultz	6eeeeacc-1da9-4839-98d6-3169c4237ecd	TUTIN et al.: Flora Europaea
C_two_sec	Juncaginaceae	8bec3883-c324-470b-ab6a-36403af2aa48	Juncaginaceae Rich.	060afae5-76ef-44a7-921f-1202685ef351	Wisskirchen & Haeupler 1998
C_two_sec	Juncaginaceae	981dc4cf-e1b8-4d87-a7e5-ab137c6b0a95	Juncaginaceae Rich.	a03c68ef-9641-47c6-9169-8151db09da97	BRUMMITT 1992
C_two_sec	Ledum	71e35c3a-0d23-4f35-928c-368774b0447a	Ledum L.	fc19e4e2-7239-4ff0-a86e-0c78cc856c93	Greuter & al. 1993
C_two_sec	Ledum	78359614-6dba-4bda-8ef0-5eadb23dcea6	Ledum L.	060afae5-76ef-44a7-921f-1202685ef351	Wisskirchen & Haeupler 1998
C_two_sec	Lycopodium zeilleri	34d80864-8327-497d-98d4-23838a09e6a2	Lycopodium zeilleri (Rouy) Greuter & Burdet	88892c5c-755c-4f98-970a-7974bb456afc	Greuter & al.: Med-Checklist bisher Bde. 1, 3 und 4
C_two_sec	Lycopodium zeilleri	a7ed247e-8bb2-40ea-b13b-51813e7a5dac	Lycopodium zeilleri (Rouy) Greuter & Burdet	7c27022c-c9a9-434c-b972-58e0bf5a2ee0	R. Wisskirchen & H. Haeupler 1998
C_two_sec	Oenothera subterminalis	0ca6c3ea-62e0-4ad2-8e34-7004758ab613	Oenothera subterminalis Gates	7c27022c-c9a9-434c-b972-58e0bf5a2ee0	R. Wisskirchen & H. Haeupler 1998
C_two_sec	Oenothera subterminalis	2d730ab1-6c62-408f-8956-fdbd7674fe4a	Oenothera subterminalis Gates	c8f72797-081d-45ce-ad35-b0beea2bd9eb	Rostanski: Rostanski (Oenothera)
C_two_sec	Ophioglossaceae	555a286c-d3f9-4061-a1fb-023c7d771a55	Ophioglossaceae C. Presl	060afae5-76ef-44a7-921f-1202685ef351	Wisskirchen & Haeupler 1998
C_two_sec	Ophioglossaceae	c2b7a411-bba8-4bbf-a459-b4203be72a7e	Ophioglossaceae C. Presl	a03c68ef-9641-47c6-9169-8151db09da97	BRUMMITT 1992
C_two_sec	Ophrys apifera subsp. friburgensis	b2cf7737-4af3-4bfc-9cfb-6466210f3dec	Ophrys apifera subsp. friburgensis (Freyhold) P. Fourn.	060afae5-76ef-44a7-921f-1202685ef351	Wisskirchen & Haeupler 1998
C_two_sec	Ophrys apifera subsp. friburgensis	d236c67c-6796-47b0-b681-b1d2eac0dbde	Ophrys apifera subsp. friburgensis (Freyhold) P. Fourn.	8b86a7f4-3586-4402-9d7a-54e9161ed4fd	SCHMEIL-FITSCHEN: Flora von Deutschland und angrenzenden Ländern, 89. Aufl
C_two_sec	Parnassiaceae	503b52ca-8c6d-487b-8671-bbb66dbf5f6f	Parnassiaceae	a03c68ef-9641-47c6-9169-8151db09da97	BRUMMITT 1992
C_two_sec	Parnassiaceae	a6bc9a22-29a5-4d38-a7e0-3e00c5b336b9	Parnassiaceae	060afae5-76ef-44a7-921f-1202685ef351	Wisskirchen & Haeupler 1998
C_two_sec	Persicaria maculosa	99add662-534c-4f23-bbc0-2b8263ad280e	Persicaria maculosa Gray	88892c5c-755c-4f98-970a-7974bb456afc	Greuter & al.: Med-Checklist bisher Bde. 1, 3 und 4
C_two_sec	Persicaria maculosa	cfcfdefc-e635-4f54-b469-884048275ecb	Persicaria maculosa Gray	060afae5-76ef-44a7-921f-1202685ef351	Wisskirchen & Haeupler 1998
C_two_sec	Podospermum	86257aae-94e3-470a-a4ce-056bfd03976c	Podospermum DC., nom. cons., syn.	060afae5-76ef-44a7-921f-1202685ef351	Wisskirchen & Haeupler 1998
C_two_sec	Podospermum	e107ddcc-bd6a-4ed6-91d1-7023afa61320	Podospermum DC., nom. cons., syn.	a03c68ef-9641-47c6-9169-8151db09da97	BRUMMITT 1992
C_two_sec	Pollichia montana	af4098e2-23b6-477a-b50e-fa68c450097e	Pollichia montana Pers. syn.	be62f034-87fd-40e2-bd16-da024e05eaf5	Andere Referenzen (fuer auct. Synonyme)
C_two_sec	Pollichia montana	f16b2bee-e06e-412a-9c6d-a5bf77fbd7ee	Pollichia montana Pers. syn.	060afae5-76ef-44a7-921f-1202685ef351	Wisskirchen & Haeupler 1998
C_two_sec	Polycnemum arvense aggr.	3eb6ab79-afbe-4552-aa48-7fc4dd5d0a99	Polycnemum arvense aggr.	510a10f6-7c15-4c6d-a03f-385f092ec854	BfN, Floraweb
C_two_sec	Polycnemum arvense aggr.	50398691-93c8-4ee3-95fb-2474334b8098	Polycnemum arvense aggr.	790d6644-39f3-4173-ae6c-ec6cbf951a10	EHRENDORFER: Liste der Gefäßpflanzen Mitteleuropas, 2. Aufl
C_two_sec	Ranunculus penicillatus subsp. penicillatus	3e9ac587-b325-480c-8f6a-8a3ab369b6f3	Ranunculus penicillatus subsp. penicillatus	6eeeeacc-1da9-4839-98d6-3169c4237ecd	TUTIN et al.: Flora Europaea
C_two_sec	Ranunculus penicillatus subsp. penicillatus	c1524833-62b9-4c1e-9418-898dd027ddae	Ranunculus penicillatus subsp. penicillatus	060afae5-76ef-44a7-921f-1202685ef351	Wisskirchen & Haeupler 1998
C_two_sec	Rosa obtusifolia subsp. obtusifolia	9fdf6620-376f-4737-af23-4f453f784fca	Rosa obtusifolia subsp. obtusifolia	be62f034-87fd-40e2-bd16-da024e05eaf5	Andere Referenzen (fuer auct. Synonyme)
C_two_sec	Rosa obtusifolia subsp. obtusifolia	b40b7902-0587-4f10-ad40-e72b074e5626	Rosa obtusifolia subsp. obtusifolia	87ed3300-5846-4ff1-809c-eb289aec54d8	Schubert & Vent 1990
C_two_sec	Rubus canescens var. glabratus	58e0eefd-51ef-447d-8c2b-83db34c3831b	Rubus canescens var. glabratus (Godr.) H. E. Weber	060afae5-76ef-44a7-921f-1202685ef351	Wisskirchen & Haeupler 1998
C_two_sec	Rubus canescens var. glabratus	d5d296cf-7588-4745-a95a-5eb3705bd881	Rubus canescens var. glabratus (Godr.) H. E. Weber	0f11a41f-8827-49dc-82df-4b02ad96d33e	HEGI: Illustrierte Flora von Mitteleuropa, Aufl. 2 u. 3
C_two_sec	Scilla bifolia aggr.	03ca57ad-3c05-4831-801e-9faf05709e9f	Scilla bifolia aggr.	e43524f9-7adf-4d88-9130-124b6ed3d4b9	Gutermann & Niklfeld (Nachtr. 1975)
C_two_sec	Scilla bifolia aggr.	e4d29af2-0008-4339-9cb5-00fad21d5f86	Scilla bifolia aggr.	790d6644-39f3-4173-ae6c-ec6cbf951a10	EHRENDORFER: Liste der Gefäßpflanzen Mitteleuropas, 2. Aufl
C_two_sec	Setaria faberi f.	2b5113ea-355f-44af-b532-68095a6bede2	Setaria faberi F. Herrmann	060afae5-76ef-44a7-921f-1202685ef351	Wisskirchen & Haeupler 1998
C_two_sec	Setaria faberi f.	d3190c89-688a-44bd-ab24-31d3c0c7a82e	Setaria faberi F. Herrmann	8b86a7f4-3586-4402-9d7a-54e9161ed4fd	SCHMEIL-FITSCHEN: Flora von Deutschland und angrenzenden Ländern, 89. Aufl
C_two_sec	Stenactis	2247a028-2102-42b6-8dbe-0da87bfc8f18	Stenactis Cass.	fc19e4e2-7239-4ff0-a86e-0c78cc856c93	Greuter & al. 1993
C_two_sec	Stenactis	d0828ccf-18bc-4b37-9709-54d0393cfbe2	Stenactis Cass.	510a10f6-7c15-4c6d-a03f-385f092ec854	BfN, Floraweb
C_two_sec	Viola tricolor aggr.	5430e36a-13f1-4835-9e05-4783de0b416b	Viola tricolor aggr.	790d6644-39f3-4173-ae6c-ec6cbf951a10	EHRENDORFER: Liste der Gefäßpflanzen Mitteleuropas, 2. Aufl
C_two_sec	Viola tricolor aggr.	e0355a2b-11a7-46ce-acc4-7f38528389aa	Viola tricolor aggr.	510a10f6-7c15-4c6d-a03f-385f092ec854	BfN, Floraweb
D_single_sec	Aconitum thalianum	695f3cdb-f421-4aa0-a754-76cfacd2ed9d	Aconitum thalianum (Wallr.) Gáyer syn.	060afae5-76ef-44a7-921f-1202685ef351	Wisskirchen & Haeupler 1998
D_single_sec	Agropyron intermedium aggr.	8587b546-615f-43bb-b715-caf3b98ea36b	Agropyron intermedium aggr. syn.	510a10f6-7c15-4c6d-a03f-385f092ec854	BfN, Floraweb
D_single_sec	Agrostis polymorpha	16c1bd71-6b72-4872-a465-07f115dfe9ba	Agrostis polymorpha Huds. syn.	060afae5-76ef-44a7-921f-1202685ef351	Wisskirchen & Haeupler 1998
D_single_sec	Asperula cynanchica subsp. montana	08ed530a-3299-493e-98fc-f978f0fda90b	Asperula cynanchica subsp. montana (Waldst. & Kit.) Simonk. syn.	060afae5-76ef-44a7-921f-1202685ef351	Wisskirchen & Haeupler 1998
D_single_sec	Brunoniaceae	86bd2db5-1713-4261-a8c0-4386ac04fd35	Brunoniaceae Dumort.	510a10f6-7c15-4c6d-a03f-385f092ec854	BfN, Floraweb
D_single_sec	Calceolaria arachnoides	c79a0106-05d1-4e1c-9170-52f91fad81da	Calceolaria arachnoides Graham	510a10f6-7c15-4c6d-a03f-385f092ec854	BfN, Floraweb
D_single_sec	Campanula flaccida	39254267-e937-488d-81da-e31afed4f680	Campanula flaccida (Wallr.) Dalla Torre & Sarnth. syn.	060afae5-76ef-44a7-921f-1202685ef351	Wisskirchen & Haeupler 1998
D_single_sec	Carex divulsa var. chabertii	7b3c68e0-5bce-4788-a3dd-56257b5e69d3	Carex divulsa var. chabertii (F. W. Schultz) Kneuck. syn.	060afae5-76ef-44a7-921f-1202685ef351	Wisskirchen & Haeupler 1998
D_single_sec	Coronilla repanda	e247548e-15b5-46e1-a0ee-94a9bf238308	Coronilla repanda (Poir.) Guss.	510a10f6-7c15-4c6d-a03f-385f092ec854	BfN, Floraweb
D_single_sec	Cotoneaster lucidus	beab16d0-7a92-480b-a49a-f4b5695ec631	Cotoneaster lucidus Schltdl.	510a10f6-7c15-4c6d-a03f-385f092ec854	BfN, Floraweb
D_single_sec	Crataegus palmstruchii subsp. rhenana	a086ebb5-657d-42d2-a408-c92af29679a1	Crataegus palmstruchii subsp. rhenana R. Knapp syn.	060afae5-76ef-44a7-921f-1202685ef351	Wisskirchen & Haeupler 1998
D_single_sec	Crataegus ×prunifolia	9d1d9c24-13c6-46d2-9f5e-b9a79f162e6b	Crataegus ×prunifolia	510a10f6-7c15-4c6d-a03f-385f092ec854	BfN, Floraweb
D_single_sec	Dianema	844d05e8-09b9-4a15-887d-e99c1990da0c	Dianema	f7c0a85f-65e5-4757-84d0-6c81eb871618	Excel Taxon import
D_single_sec	Echinostelium	ea869022-a16f-4bff-9c14-d094045e4568	Echinostelium	f7c0a85f-65e5-4757-84d0-6c81eb871618	Excel Taxon import
D_single_sec	Echinostelium apitectum	c1cf266f-6f22-4844-a100-f02c91b4026b	Echinostelium apitectum K.D. Whitney	f7c0a85f-65e5-4757-84d0-6c81eb871618	Excel Taxon import
D_single_sec	Elodea oblongifolia	504f6121-4d26-4326-aaa1-af6b133fbdd7	Elodea oblongifolia Caspary, nom. inval., syn.	060afae5-76ef-44a7-921f-1202685ef351	Wisskirchen & Haeupler 1998
D_single_sec	Epipactis rubra	efe3262f-e052-4400-b516-5a2a74deed62	Epipactis rubra (L.) All. syn.	060afae5-76ef-44a7-921f-1202685ef351	Wisskirchen & Haeupler 1998
D_single_sec	Euphrasia picta subsp. alpigena	35a67d26-a242-47b6-819c-2a3892193db7	Euphrasia picta subsp. alpigena Vollm. syn.	060afae5-76ef-44a7-921f-1202685ef351	Wisskirchen & Haeupler 1998
D_single_sec	Festuca trichophylla subsp. trichophylla	7cf3fb2a-ac43-43ae-80e0-78114104cdd1	Festuca trichophylla subsp. trichophylla	510a10f6-7c15-4c6d-a03f-385f092ec854	BfN, Floraweb
D_single_sec	Galium baldense aggr.	2b07cb7d-93de-49ce-ab3f-9f4c0c3aa122	Galium baldense aggr.	510a10f6-7c15-4c6d-a03f-385f092ec854	BfN, Floraweb
D_single_sec	Hieracium caespitosum subsp. caespitosum	7a2da227-7a11-41c3-8165-c7bbf42a8ebd	Hieracium caespitosum subsp. caespitosum	510a10f6-7c15-4c6d-a03f-385f092ec854	BfN, Floraweb
D_single_sec	Lamium galeobdolon [infraspec.] cv.	dbb7a3ef-a973-464e-885f-eba2d50b8f63	Lamium galeobdolon [infraspec.] cv. syn.	510a10f6-7c15-4c6d-a03f-385f092ec854	BfN, Floraweb
D_single_sec	Lepidoderma stipitatum	8b0edc0f-45a8-41bc-a25f-aacf206de855	Lepidoderma stipitatum Flatau	f7c0a85f-65e5-4757-84d0-6c81eb871618	Excel Taxon import
D_single_sec	Leucanthemum heterophyllum	ea124db4-b24e-4a31-b68c-62f3747ccc25	Leucanthemum heterophyllum (Willd.) DC.	510a10f6-7c15-4c6d-a03f-385f092ec854	BfN, Floraweb
D_single_sec	Melampyrum pratense var. angustifrons	3c005fe5-5032-4590-a313-d9e0724f1adc	Melampyrum pratense var. angustifrons Borbás syn.	060afae5-76ef-44a7-921f-1202685ef351	Wisskirchen & Haeupler 1998
D_single_sec	Mentha arvensis var. procumbens	cd4bc7dc-c87a-4dac-bf51-61b202631f25	Mentha arvensis var. procumbens Becker syn.	510a10f6-7c15-4c6d-a03f-385f092ec854	BfN, Floraweb
D_single_sec	Milium capillare	203f322b-3877-44d8-b2b7-7c00fb21b5fb	Milium capillare (L.) Moench syn.	060afae5-76ef-44a7-921f-1202685ef351	Wisskirchen & Haeupler 1998
D_single_sec	Oenothera graveolens	f8a510fb-ae44-47c0-848f-bcacc734df08	Oenothera graveolens Gilib., nom. inval., syn.	060afae5-76ef-44a7-921f-1202685ef351	Wisskirchen & Haeupler 1998
D_single_sec	Orchis ×hybrida	4401e58d-1079-4ea5-b87b-644d9261bf2d	Orchis ×hybrida Boenn. ex Rchb.	510a10f6-7c15-4c6d-a03f-385f092ec854	BfN, Floraweb
D_single_sec	Orchis ×morioides	fad15952-164b-426f-b668-7fd1f561faf4	Orchis ×morioides Brand	510a10f6-7c15-4c6d-a03f-385f092ec854	BfN, Floraweb
D_single_sec	Ornithogalum declinatum	ed0b7fb3-9dcc-44f9-bbba-b87fa7ba45e1	Ornithogalum declinatum Jord. & Fourr. syn.	060afae5-76ef-44a7-921f-1202685ef351	Wisskirchen & Haeupler 1998
D_single_sec	Pilosella angustifolia	17d0b816-100d-4bea-b59f-01f790438988	Pilosella angustifolia (Hoppe) H. P. Fuchs syn.	060afae5-76ef-44a7-921f-1202685ef351	Wisskirchen & Haeupler 1998
D_single_sec	Polypodium heleopteris	e4836c4a-3361-487b-8f59-8d0eb1786bf8	Polypodium heleopteris Borkh. syn.	060afae5-76ef-44a7-921f-1202685ef351	Wisskirchen & Haeupler 1998
D_single_sec	Polystichum aculeatum aggr.	73540bd1-38af-4144-9b68-58f1fdef8831	Polystichum aculeatum aggr.	510a10f6-7c15-4c6d-a03f-385f092ec854	BfN, Floraweb
D_single_sec	Potamogeton billotii f.	00299c50-ad64-4e54-a73a-4d8addc190ea	Potamogeton billotii F. Schultz syn.	060afae5-76ef-44a7-921f-1202685ef351	Wisskirchen & Haeupler 1998
D_single_sec	Potamogeton zosterifolius	cfbba7dd-c9b4-4597-ae36-14cf00097d28	Potamogeton zosterifolius Schumach. syn.	060afae5-76ef-44a7-921f-1202685ef351	Wisskirchen & Haeupler 1998
D_single_sec	Potentilla gaudinii	1ccb0cd5-b586-4cb8-adce-69957f5078de	Potentilla gaudinii Gremli syn.	060afae5-76ef-44a7-921f-1202685ef351	Wisskirchen & Haeupler 1998
D_single_sec	Ranunculus transiens	1394c256-5979-458d-ada1-b2efc3a21ffa	Ranunculus transiens (Vollm.) Borch.-Kolb	060afae5-76ef-44a7-921f-1202685ef351	Wisskirchen & Haeupler 1998
D_single_sec	Rhabdodendraceae	f25dea85-20a1-4aa2-b9b4-896e643a2321	Rhabdodendraceae (Engl.) Prance	510a10f6-7c15-4c6d-a03f-385f092ec854	BfN, Floraweb
D_single_sec	Rhinanthus alpinus var. lanceolatus	1f3735d8-b125-4f07-b699-d82d8744144a	Rhinanthus alpinus var. lanceolatus Neilr. syn.	060afae5-76ef-44a7-921f-1202685ef351	Wisskirchen & Haeupler 1998
D_single_sec	Sieglingia calicina	04991edd-353b-48c4-8cdc-3ace30eb9ef6	Sieglingia calicina syn.	060afae5-76ef-44a7-921f-1202685ef351	Wisskirchen & Haeupler 1998
D_single_sec	Silene csereii	11836238-b32a-442c-92d7-7f1e3ad002ad	Silene csereii	510a10f6-7c15-4c6d-a03f-385f092ec854	BfN, Floraweb
D_single_sec	Statice bahusiensis	325a8614-8c5e-45ca-8321-b07827ef0787	Statice bahusiensis Fr. syn.	510a10f6-7c15-4c6d-a03f-385f092ec854	BfN, Floraweb
D_single_sec	Stipa pennata subsp. tirsa	021624f2-aec5-4861-b073-abead04182ec	Stipa pennata subsp. tirsa (Steven) K. Richt. syn.	060afae5-76ef-44a7-921f-1202685ef351	Wisskirchen & Haeupler 1998
D_single_sec	Syringa persica	0e158caa-f5c5-47f5-b076-f82b1afd836c	Syringa persica L.	510a10f6-7c15-4c6d-a03f-385f092ec854	BfN, Floraweb
D_single_sec	Tilia parvifolia	a739e23c-b1c1-490a-a7c7-3170e17a2889	Tilia parvifolia Hoffm. syn.	060afae5-76ef-44a7-921f-1202685ef351	Wisskirchen & Haeupler 1998
D_single_sec	Tiniaria convolvulus	d15bfc3d-e289-4ca1-bba4-8fd73f65af27	Tiniaria convolvulus (L.) Webb & Moq. syn.	060afae5-76ef-44a7-921f-1202685ef351	Wisskirchen & Haeupler 1998
D_single_sec	Veronica anagallis-aquatica var. anagalloides	8e5b0152-3da9-453c-904a-257f2b3b870b	Veronica anagallis-aquatica var. anagalloides (Guss.) Rchb. syn.	060afae5-76ef-44a7-921f-1202685ef351	Wisskirchen & Haeupler 1998
D_single_sec	Viola ×contempta	9142b752-5281-4c50-bb23-74ebc917e4a0	Viola ×contempta Jord.	510a10f6-7c15-4c6d-a03f-385f092ec854	BfN, Floraweb
D_single_sec	Willemetia hieracioides	133c8568-f988-4744-8d4a-a0a28af71992	Willemetia hieracioides Neck., nom. illeg., syn.	060afae5-76ef-44a7-921f-1202685ef351	Wisskirchen & Haeupler 1998
E_homonym	Achillea cartilaginea	0e708425-153d-4d63-a38d-e67063fdb5bf	Achillea cartilaginea Ledeb.	6eeeeacc-1da9-4839-98d6-3169c4237ecd	TUTIN et al.: Flora Europaea
E_homonym	Achillea cartilaginea	1a932535-2450-4979-9e29-c9cc46dabfd6	Achillea cartilaginea Ledeb.	ca735e89-ca5c-4381-8e4a-693e6467fde0	OBERDORFER: Pflanzensoziologische Exkursionsflora, ed. 7
E_homonym	Achillea cartilaginea	6abac494-7e1a-4778-abdd-130dfa1f6734	Achillea cartilaginea Ledeb.	790d6644-39f3-4173-ae6c-ec6cbf951a10	EHRENDORFER: Liste der Gefäßpflanzen Mitteleuropas, 2. Aufl
E_homonym	Achillea cartilaginea	f9bba329-ee69-432d-89ca-8ee4dc3bc374	Achillea cartilaginea Ledeb. syn.	060afae5-76ef-44a7-921f-1202685ef351	Wisskirchen & Haeupler 1998
E_homonym	Agrostis tenella	2b282c2e-dbc1-49e6-8f65-82af0f1ca9fb	Agrostis tenella Hoffm. syn.	060afae5-76ef-44a7-921f-1202685ef351	Wisskirchen & Haeupler 1998
E_homonym	Agrostis tenella	d484eea8-0ad4-43d7-b357-58dd1b5b2a0a	Agrostis tenella (Schrad.) Roem. & Schult. syn.	060afae5-76ef-44a7-921f-1202685ef351	Wisskirchen & Haeupler 1998
E_homonym	Betula ×aschersoniana	15a83e5f-94a8-4975-83a4-6ef8db56596c	Betula ×aschersoniana Hayek	87ed3300-5846-4ff1-809c-eb289aec54d8	Schubert & Vent 1990
E_homonym	Betula ×aschersoniana	325674f8-a72c-4009-9739-4fcd15c26c00	Betula ×aschersoniana Hayek syn.	060afae5-76ef-44a7-921f-1202685ef351	Wisskirchen & Haeupler 1998
E_homonym	Betula ×aschersoniana	35213a49-0fb7-43e2-b944-753f7ed4fd94	Betula ×aschersoniana Hayek	0f11a41f-8827-49dc-82df-4b02ad96d33e	HEGI: Illustrierte Flora von Mitteleuropa, Aufl. 2 u. 3
E_homonym	Brassica monensis	ac24099d-14e3-4a9b-804b-419c472fcb1f	Brassica monensis (L.) Huds. syn.	060afae5-76ef-44a7-921f-1202685ef351	Wisskirchen & Haeupler 1998
E_homonym	Brassica monensis	d6cf3a9e-33de-4499-a6c3-fd48f078190a	Brassica monensis (L.) Huds.	be62f034-87fd-40e2-bd16-da024e05eaf5	Andere Referenzen (fuer auct. Synonyme)
E_homonym	Coronilla varia	37fbdc7d-a8b6-496d-90d7-db93d145938a	Coronilla varia L.	6eeeeacc-1da9-4839-98d6-3169c4237ecd	TUTIN et al.: Flora Europaea
E_homonym	Coronilla varia	62525419-f5a3-44ea-a5be-ee5b89fa49c3	Coronilla varia L.	0f11a41f-8827-49dc-82df-4b02ad96d33e	HEGI: Illustrierte Flora von Mitteleuropa, Aufl. 2 u. 3
E_homonym	Coronilla varia	804bd3a6-1ecf-44e1-bfd5-e615bc602eac	Coronilla varia L.	87ed3300-5846-4ff1-809c-eb289aec54d8	Schubert & Vent 1990
E_homonym	Coronilla varia	86ab09b0-303f-4255-8dfb-88ff86ee1b8b	Coronilla varia L.	ca735e89-ca5c-4381-8e4a-693e6467fde0	OBERDORFER: Pflanzensoziologische Exkursionsflora, ed. 7
E_homonym	Coronilla varia	88542f22-db84-415a-b849-03a1108be4da	Coronilla varia L.	8b86a7f4-3586-4402-9d7a-54e9161ed4fd	SCHMEIL-FITSCHEN: Flora von Deutschland und angrenzenden Ländern, 89. Aufl
E_homonym	Coronilla varia	9be8d132-f76d-48ac-a4aa-7795d7b52c60	Coronilla varia L. syn.	060afae5-76ef-44a7-921f-1202685ef351	Wisskirchen & Haeupler 1998
E_homonym	Coronilla varia	b302026a-c5bd-4285-8080-6fa0da439d30	Coronilla varia L.	790d6644-39f3-4173-ae6c-ec6cbf951a10	EHRENDORFER: Liste der Gefäßpflanzen Mitteleuropas, 2. Aufl
E_homonym	Coronilla varia	c296f103-c877-413f-9330-f373bcd45721	Coronilla varia L. syn.	88892c5c-755c-4f98-970a-7974bb456afc	Greuter & al.: Med-Checklist bisher Bde. 1, 3 und 4
E_homonym	Dorycnium pentaphyllum subsp. germanicum	13b85b94-4e95-4015-9cfc-b0355bd7d5c8	Dorycnium pentaphyllum subsp. germanicum (Gremli) Gams	6eeeeacc-1da9-4839-98d6-3169c4237ecd	TUTIN et al.: Flora Europaea
E_homonym	Dorycnium pentaphyllum subsp. germanicum	485fc3ea-dc4c-46b4-bfb9-5cdbe8e3a06e	Dorycnium pentaphyllum subsp. germanicum (Gremli) Gams	88892c5c-755c-4f98-970a-7974bb456afc	Greuter & al.: Med-Checklist bisher Bde. 1, 3 und 4
E_homonym	Dorycnium pentaphyllum subsp. germanicum	9743611d-9396-4b13-b154-b122a70c2b27	Dorycnium pentaphyllum subsp. germanicum (Gremli) Gams	0f11a41f-8827-49dc-82df-4b02ad96d33e	HEGI: Illustrierte Flora von Mitteleuropa, Aufl. 2 u. 3
E_homonym	Dorycnium pentaphyllum subsp. germanicum	d00a4c49-653c-4134-8901-0258cacfdda3	Dorycnium pentaphyllum subsp. germanicum (Gremli) Gams syn.	060afae5-76ef-44a7-921f-1202685ef351	Wisskirchen & Haeupler 1998
E_homonym	Galium verum subsp. wirtgenii	146b47be-989b-485e-8591-24dd6d4cc385	Galium verum subsp. wirtgenii (F. W. Schultz) Oborny	6eeeeacc-1da9-4839-98d6-3169c4237ecd	TUTIN et al.: Flora Europaea
E_homonym	Galium verum subsp. wirtgenii	37c43569-6991-47b1-86c6-c98ddc28da44	Galium verum subsp. wirtgenii (F. W. Schultz) Oborny syn.	060afae5-76ef-44a7-921f-1202685ef351	Wisskirchen & Haeupler 1998
E_homonym	Galium verum subsp. wirtgenii	747cb835-97e0-4c70-b1a2-a607c5747d9f	Galium verum subsp. wirtgenii (F. W. Schultz) Oborny	ca735e89-ca5c-4381-8e4a-693e6467fde0	OBERDORFER: Pflanzensoziologische Exkursionsflora, ed. 7
E_homonym	Helianthemum grandiflorum subsp. glaucescens	19eaea6c-5d49-4bae-b67a-4b422296aa90	Helianthemum grandiflorum subsp. glaucescens (Murb.) Holub syn.	510a10f6-7c15-4c6d-a03f-385f092ec854	BfN, Floraweb
E_homonym	Helianthemum grandiflorum subsp. glaucescens	8436cdcd-c9b5-46f2-b5e0-d8309c0830f4	Helianthemum grandiflorum subsp. glaucescens (Murb.) Holub	790d6644-39f3-4173-ae6c-ec6cbf951a10	EHRENDORFER: Liste der Gefäßpflanzen Mitteleuropas, 2. Aufl
E_homonym	Hutchinsia alpina subsp. alpina	14427938-8962-4a37-ba91-6c56d63862a7	Hutchinsia alpina subsp. alpina syn.	060afae5-76ef-44a7-921f-1202685ef351	Wisskirchen & Haeupler 1998
E_homonym	Hutchinsia alpina subsp. alpina	c314fa63-5be4-4699-b53a-c5971f34cab6	Hutchinsia alpina subsp. alpina	790d6644-39f3-4173-ae6c-ec6cbf951a10	EHRENDORFER: Liste der Gefäßpflanzen Mitteleuropas, 2. Aufl
E_homonym	Lathyrus ochraceus subsp. occidentalis	61a80a80-9813-4903-9447-d465d14e1e66	Lathyrus ochraceus subsp. occidentalis (Fisch. & C. A. Mey.) Bässler	88892c5c-755c-4f98-970a-7974bb456afc	Greuter & al.: Med-Checklist bisher Bde. 1, 3 und 4
E_homonym	Lathyrus ochraceus subsp. occidentalis	da4c9126-1e0a-4e6c-9b22-ecbabd43e38d	Lathyrus ochraceus subsp. occidentalis (Fisch. & C. A. Mey.) Bässler syn.	060afae5-76ef-44a7-921f-1202685ef351	Wisskirchen & Haeupler 1998
E_homonym	Limonium vulgare subsp. pseudolimonium	4371d24a-4a92-484d-97ef-160958d9392b	Limonium vulgare subsp. pseudolimonium (Rchb.) Gams syn.	060afae5-76ef-44a7-921f-1202685ef351	Wisskirchen & Haeupler 1998
E_homonym	Limonium vulgare subsp. pseudolimonium	54b13afa-a38e-4871-825c-24280f51384f	Limonium vulgare subsp. pseudolimonium (Rchb.) Gams	8b86a7f4-3586-4402-9d7a-54e9161ed4fd	SCHMEIL-FITSCHEN: Flora von Deutschland und angrenzenden Ländern, 89. Aufl
E_homonym	Melampyrum nemorosum subsp. moravicum	56b4f464-bab4-4432-9c4c-8882ba36cbc5	Melampyrum nemorosum subsp. moravicum (Heinr. Braun) Celak.	87ed3300-5846-4ff1-809c-eb289aec54d8	Schubert & Vent 1990
E_homonym	Melampyrum nemorosum subsp. moravicum	a1a05ce3-1d3f-467c-8cb8-2d1ff07a8258	Melampyrum nemorosum subsp. moravicum (Heinr. Braun) Celak. syn.	510a10f6-7c15-4c6d-a03f-385f092ec854	BfN, Floraweb
E_homonym	Melampyrum nemorosum subsp. moravicum	bea1ef48-1caa-46cc-8f48-c601fcb774de	Melampyrum nemorosum subsp. moravicum (Heinr. Braun) Celak.	ca735e89-ca5c-4381-8e4a-693e6467fde0	OBERDORFER: Pflanzensoziologische Exkursionsflora, ed. 7
E_homonym	Melampyrum sylvaticum subsp. intermedium	132e591b-0351-4893-bb44-eb4f0b3f22cd	Melampyrum sylvaticum subsp. intermedium (Ronniger & Schinz) Ronniger	87ed3300-5846-4ff1-809c-eb289aec54d8	Schubert & Vent 1990
E_homonym	Melampyrum sylvaticum subsp. intermedium	b4ed2796-ea20-47a9-83a1-f321c34fd17b	Melampyrum sylvaticum subsp. intermedium (Ronniger & Schinz) Ronniger	ca735e89-ca5c-4381-8e4a-693e6467fde0	OBERDORFER: Pflanzensoziologische Exkursionsflora, ed. 7
E_homonym	Melampyrum sylvaticum subsp. intermedium	b86afbde-4387-4653-9b3c-5d4a37d91e01	Melampyrum sylvaticum subsp. intermedium (Ronniger & Schinz) Ronniger syn.	060afae5-76ef-44a7-921f-1202685ef351	Wisskirchen & Haeupler 1998
E_homonym	Micromeria	2585eed0-4352-42f3-9885-9f4753675561	Micromeria Benth., nom. cons., syn.	060afae5-76ef-44a7-921f-1202685ef351	Wisskirchen & Haeupler 1998
E_homonym	Micromeria	841cc49f-6ed6-49f9-b11d-825bfdb1e415	Micromeria Benth., nom. cons.,	a03c68ef-9641-47c6-9169-8151db09da97	BRUMMITT 1992
E_homonym	Pinus mugo subsp. uncinata	04e3e46d-b02b-4026-b1f1-c35c0155e045	Pinus mugo subsp. uncinata (Mill.) Domin s. l.	0f11a41f-8827-49dc-82df-4b02ad96d33e	HEGI: Illustrierte Flora von Mitteleuropa, Aufl. 2 u. 3
E_homonym	Pinus mugo subsp. uncinata	35146f26-bd21-40ce-b489-dbbb3e4345a1	Pinus mugo subsp. uncinata (Mill.) Domin syn.	060afae5-76ef-44a7-921f-1202685ef351	Wisskirchen & Haeupler 1998
E_homonym	Pinus sylvestris var. haguensis	4447a8c1-b40d-4634-ad4b-59a65045a558	Pinus sylvestris var. haguensis Loud. syn.	060afae5-76ef-44a7-921f-1202685ef351	Wisskirchen & Haeupler 1998
E_homonym	Pinus sylvestris var. haguensis	b051b4a7-94eb-4a9e-bc3b-469338255d91	Pinus sylvestris var. haguensis Loud.	ca735e89-ca5c-4381-8e4a-693e6467fde0	OBERDORFER: Pflanzensoziologische Exkursionsflora, ed. 7
E_homonym	Potamogeton marinus	147cc128-78aa-4332-b61d-cef3030d7db1	Potamogeton marinus Fr., nom. illeg., syn.	060afae5-76ef-44a7-921f-1202685ef351	Wisskirchen & Haeupler 1998
E_homonym	Potamogeton marinus	be15af54-9f29-47d9-8138-6d2b2b83d200	Potamogeton marinus L. syn.	060afae5-76ef-44a7-921f-1202685ef351	Wisskirchen & Haeupler 1998
E_homonym	Puccinellia distans subsp. distans	c74c2d9e-bbe7-4ce6-bc5c-2cea8df851ec	Puccinellia distans subsp. distans	6eeeeacc-1da9-4839-98d6-3169c4237ecd	TUTIN et al.: Flora Europaea
E_homonym	Puccinellia distans subsp. distans	e4713aa0-946c-4abb-b4da-a21c90324eda	Puccinellia distans subsp. distans syn.	060afae5-76ef-44a7-921f-1202685ef351	Wisskirchen & Haeupler 1998
E_homonym	Rhinanthus alectorolophus	22a1cd62-b62d-498b-9a38-8de187e2373e	Rhinanthus alectorolophus (Scop.) Pollich s. l.	0f11a41f-8827-49dc-82df-4b02ad96d33e	HEGI: Illustrierte Flora von Mitteleuropa, Aufl. 2 u. 3
E_homonym	Rhinanthus alectorolophus	2609d162-e871-41e7-b705-74eed483ffc7	Rhinanthus alectorolophus (Scop.) Pollich s. str.	790d6644-39f3-4173-ae6c-ec6cbf951a10	EHRENDORFER: Liste der Gefäßpflanzen Mitteleuropas, 2. Aufl
E_homonym	Rhinanthus alectorolophus	615ec737-de60-45e3-8318-c94589225281	Rhinanthus alectorolophus (Scop.) Pollich s. l.	060afae5-76ef-44a7-921f-1202685ef351	Wisskirchen & Haeupler 1998
E_homonym	Rhinanthus alectorolophus	73a32d59-8ded-43d0-bf1c-556cd3bbd3fa	Rhinanthus alectorolophus (Scop.) Pollich s. str.	8b86a7f4-3586-4402-9d7a-54e9161ed4fd	SCHMEIL-FITSCHEN: Flora von Deutschland und angrenzenden Ländern, 89. Aufl
E_homonym	Rhinanthus alectorolophus	7b8f6b28-d936-4470-b913-45890a424225	Rhinanthus alectorolophus (Scop.) Pollich s. l.	ca735e89-ca5c-4381-8e4a-693e6467fde0	OBERDORFER: Pflanzensoziologische Exkursionsflora, ed. 7
E_homonym	Rhinanthus alectorolophus	9f7b6fe3-8155-4198-9f9f-b89bb0e389ca	Rhinanthus alectorolophus (Scop.) Pollich s. l.	87ed3300-5846-4ff1-809c-eb289aec54d8	Schubert & Vent 1990
E_homonym	Rhinanthus alectorolophus	b3706bf8-5b0b-4775-8d5c-aa75883aa9cf	Rhinanthus alectorolophus (Scop.) Pollich	f9161858-6d3c-46b3-8432-11292963dec1	Andere Referenzen (fuer Synonyme s. str.)
E_homonym	Rosa dumalis	36c6f328-1611-4a68-9ddb-7895c53a9ef2	Rosa dumalis Bechst. s. l.	8b86a7f4-3586-4402-9d7a-54e9161ed4fd	SCHMEIL-FITSCHEN: Flora von Deutschland und angrenzenden Ländern, 89. Aufl
E_homonym	Rosa dumalis	44eb272b-df86-40c9-a346-99069b20f5ba	Rosa dumalis Bechst. s. l.	87ed3300-5846-4ff1-809c-eb289aec54d8	Schubert & Vent 1990
E_homonym	Rosa dumalis	7e24c2bf-aad7-4519-812d-b586e22cbee6	Rosa dumalis Bechst.	060afae5-76ef-44a7-921f-1202685ef351	Wisskirchen & Haeupler 1998
E_homonym	Rosa dumalis	cfca3c4f-eb36-4d42-92eb-104c469f9b4a	Rosa dumalis Bechst.	67084a65-5912-48c7-9dfb-78df353e280a	Andere Referenzen (fuer Synonyme s. l.)
E_homonym	Stellaria nemorum aggr.	52d29461-0f6b-4f9d-9d7c-26175a0691aa	Stellaria nemorum aggr. syn.	060afae5-76ef-44a7-921f-1202685ef351	Wisskirchen & Haeupler 1998
E_homonym	Stellaria nemorum aggr.	b9f26f6d-656d-4a91-a28a-23ab89261b5d	Stellaria nemorum aggr.	88892c5c-755c-4f98-970a-7974bb456afc	Greuter & al.: Med-Checklist bisher Bde. 1, 3 und 4
E_homonym	Thesium pyrenaicum subsp. alpestre	99e3e77e-3ae8-46d1-96f2-963aca382592	Thesium pyrenaicum subsp. alpestre (Brügger) O. Schwarz	8b86a7f4-3586-4402-9d7a-54e9161ed4fd	SCHMEIL-FITSCHEN: Flora von Deutschland und angrenzenden Ländern, 89. Aufl
E_homonym	Thesium pyrenaicum subsp. alpestre	a4e759cb-7b1e-4577-8215-950162fea48c	Thesium pyrenaicum subsp. alpestre (Brügger) O. Schwarz syn.	060afae5-76ef-44a7-921f-1202685ef351	Wisskirchen & Haeupler 1998
E_homonym	Thesium pyrenaicum subsp. alpestre	c588dab9-06bb-4029-9c22-bed1c4d921bc	Thesium pyrenaicum subsp. alpestre (Brügger) O. Schwarz	87ed3300-5846-4ff1-809c-eb289aec54d8	Schubert & Vent 1990
